,fwh,fwh_lower,fwh_median,fwh_upper,label,mid,pi,pi2,pi2_lower,pi2_median,pi2_upper,pi_lower,pi_median,pi_upper,sites,tajima,tajima_lower,tajima_median,tajima_upper,theta_W,theta_W_lower,theta_W_median,theta_W_upper,xsi,xsi_lower,xsi_median,xsi_upper
0,0.00786882164492,0.00776369113978,0.0078707360079,0.00798721137227,real,24.1883850254,0.00785209791188,0.254073540238,0.25048194578,0.254160914827,0.257809053139,0.00778667224462,0.00785444830165,0.00791933794106,3193698,0.0522027958691,0.0323040310659,0.0529532100842,0.0728559539878,0.00772743067627,0.00768464739636,0.00772829857373,0.00776793742344,0.749510116273,0.746919329037,0.749508179277,0.752026554599
1,0.00793823005701,0.00747810475638,0.00793071153822,0.00840342577055,real,-167.619445408,0.00802636607623,0.239432923381,0.225644110954,0.240070729475,0.254846520784,0.00776229571664,0.00802120061204,0.00829753741873,161386,0.0911675844965,0.0109692150571,0.0891884592051,0.169315183772,0.00780629358156,0.00762947340198,0.00780590663813,0.00797061610028,0.753737945595,0.742014567539,0.753599911785,0.764983479039
2,0.0072771684185,0.00718157553804,0.00727955213271,0.00737891336602,real,-1.37312992154,0.00732381762202,0.251050185256,0.247469367011,0.251121506714,0.254501326755,0.00726617876342,0.00732190833238,0.00738358748558,3630342,-0.0350521380713,-0.0537069886716,-0.0353225307213,-0.0176394746686,0.00740402320522,0.00736407267419,0.00740439463363,0.00744198875969,0.750455550384,0.747847653128,0.750525814827,0.752988120946
3,0.00812375690423,0.00766985666011,0.00812274915116,0.00856372695705,real,149.26740546,0.00792863367339,0.268540594117,0.254169762344,0.268397741566,0.282745746832,0.00766945807769,0.00792299793792,0.00818491563209,198842,0.0846277751862,0.0119524283722,0.0862549266665,0.157908004949,0.00772645972729,0.0075522392286,0.00772043097803,0.00790142680801,0.746384119518,0.736912321085,0.74616336862,0.756808494098
4,0.00777269655949,0.00760029442529,0.00777640758945,0.00796104461098,real,-66.0756217599,0.00786485163804,0.248781247798,0.243124968049,0.24875411422,0.254552569277,0.00775737966782,0.00786534669602,0.00797608287529,1166332,0.0301564917423,-0.000931344134801,0.0304765444149,0.0593715599327,0.00779222607084,0.00772327750345,0.00779268173676,0.00786654451776,0.750697993171,0.746453614809,0.750747324304,0.754873358224
5,0.00719254488748,0.00709488930343,0.00719162940201,0.0072946367602,real,0.25917397036,0.00714928677147,0.248957222748,0.245548235578,0.248938570847,0.252515593973,0.0070920317305,0.00714834318384,0.0072043243826,3671164,-0.0766740689684,-0.0949010270689,-0.0767072344513,-0.0588639703414,0.00732280630527,0.00728542986171,0.00732247703205,0.00736016742975,0.754976904984,0.75231722628,0.7549453152,0.757776220211
6,0.00735790934774,0.00725266835249,0.00735990641702,0.00746412420577,real,0.585519087632,0.00725631397125,0.25321349666,0.249684233263,0.253308679807,0.257003911212,0.00719584870768,0.00725719444032,0.00731545375043,3576698,-0.0621383439913,-0.0797780942972,-0.0619840850481,-0.0419601928539,0.00739838953406,0.00735986231623,0.00739827241344,0.00743770262716,0.754617380919,0.751745339506,0.754611022063,0.757291548448
7,0.00745477443376,0.00736492745377,0.00745478044446,0.007554851597,real,4.31644831272,0.00749897485192,0.25071214428,0.247900163315,0.250685648283,0.253863912248,0.0074481869899,0.00749862844371,0.00755649289012,4264686,-0.00805848902388,-0.0240574052737,-0.00791095335439,0.00909860229537,0.00751769713068,0.00748319822112,0.00751777135521,0.00755280210907,0.750835674602,0.748419291445,0.75087065129,0.753278105379
8,0.00781597998792,0.00771067630344,0.00781380821134,0.0079176875559,real,20.1902470582,0.00780369200603,0.254495100393,0.251012863714,0.254549363323,0.257935452745,0.00774584825115,0.00780210749396,0.00786255476757,3444130,0.0394657350629,0.0214302089389,0.0393509219557,0.0563952422884,0.00770965953094,0.00766964212666,0.00770898814504,0.0077503586239,0.749579805008,0.746831174399,0.749550645877,0.752141934132
9,0.00808832323077,0.00790730160265,0.00808365537881,0.00828812883301,real,-70.0536089394,0.00810938325664,0.255226741164,0.249783672273,0.255166446479,0.261114374155,0.00799515919727,0.00810816743706,0.00823440602961,1048322,0.0963008920722,0.0648248343893,0.096910502352,0.130374144623,0.00787499724646,0.00779730966122,0.00787409116611,0.00794914309898,0.74667241293,0.742329770661,0.746580185711,0.751359341152
10,0.00733826309711,0.00678802891384,0.00732856761485,0.00782098943473,real,-199.434261197,0.00762254408416,0.24236975886,0.222013061441,0.242385010578,0.26121185213,0.00731330812779,0.00761641595168,0.00795282309967,111275,-0.0318106860643,-0.127010208119,-0.0329821712088,0.0683147593443,0.00769829279624,0.00747209601411,0.0076964508692,0.0079163284661,0.747866377159,0.733350472089,0.747387003764,0.762967691977
11,0.00737740930119,0.00728194595013,0.00737870068176,0.00746899697174,real,-2.55198853704,0.00741059652757,0.249423348071,0.24617417737,0.249462461603,0.252806867984,0.00735236008956,0.00741223014536,0.00746868468092,4035981,-0.0356232495918,-0.05294434645,-0.0351373325009,-0.017044436982,0.00749308919365,0.00745714103749,0.00749356812401,0.0075301446061,0.752159926286,0.749588853557,0.752159212887,0.754630949043
12,0.00776655945751,0.00766549316846,0.00776666933043,0.00786355607085,real,-13.9971043788,0.00772102986603,0.252734681036,0.249481082892,0.252686075329,0.255927492695,0.00766299295375,0.00771978878822,0.00777978441556,3979933,0.0241220380178,0.0076185795161,0.0245882506225,0.0416794774829,0.00766389720188,0.00762544729117,0.00766272928928,0.00770077018518,0.751794798747,0.749376320879,0.751789595848,0.75417591348
13,0.00765681279659,0.00755220142213,0.00765390967091,0.00774917457714,real,8.45879775006,0.00766067328175,0.253415046296,0.25028295504,0.253282888526,0.256590216682,0.00760042748483,0.00766175136632,0.00771823150608,4284748,0.00655422480573,-0.00940911911673,0.00691814349058,0.0230713148549,0.00764518762892,0.00760851459181,0.00764451379133,0.00768149311345,0.749731410498,0.747382054743,0.749610773037,0.751983708994
14,0.0077313503112,0.00762398849852,0.00773335221381,0.00782850779276,real,-12.3648640521,0.00777599032735,0.252566876227,0.249414847259,0.25258589384,0.255919065206,0.00771628012054,0.00777632032639,0.0078397522716,4038923,0.0297977576073,0.0130032496582,0.029394349708,0.0470511457175,0.00770503600756,0.0076664772271,0.00770541560856,0.0077457146457,0.748996157839,0.746662565835,0.748980251607,0.751268676296
15,0.00761442376808,0.00752391322087,0.007614063212,0.00770736659686,real,-4.96574196038,0.00757693468433,0.254634810762,0.251598447652,0.25461293204,0.257667998443,0.00751829072252,0.00757771418954,0.00763173786991,4355050,0.0123332840119,-0.00600019090886,0.0122480463885,0.0289714985164,0.00754816466861,0.00751394736535,0.00754861585932,0.00758303451137,0.750630370314,0.74830918825,0.750683069156,0.752879614299
16,0.00766396165553,0.0075683395234,0.00766386110593,0.00776583904882,real,-11.6166225672,0.00772748987524,0.253310149337,0.250048807425,0.253337970712,0.256579198666,0.00767232096829,0.00772732174953,0.00778588249703,4089836,0.0319044511023,0.0160116288158,0.0311702782579,0.0486254599572,0.00765204163317,0.00761511736124,0.00765176457762,0.00768949125056,0.748034185884,0.745589720095,0.748054303131,0.750390598133
17,0.00805123906851,0.00785885805842,0.00805222001175,0.00823947050602,real,74.2675146477,0.0080124752223,0.260337652318,0.253873232718,0.26026293984,0.266866456119,0.00788960807792,0.00801055949545,0.0081349082536,937710,0.0696826334611,0.0334579241215,0.0690127278871,0.105714533838,0.00784355047459,0.00776879873015,0.00784382304382,0.00791922314903,0.745761079421,0.741034569663,0.745878178388,0.750385018911
18,0.00710853577477,0.00701777498746,0.00711321442351,0.00721066905335,real,-0.188678213907,0.00713112271457,0.249572329702,0.246071887408,0.249682026062,0.253168433478,0.00707184614186,0.00713245394464,0.00718802755336,3468950,-0.0777281060743,-0.0964877576049,-0.0775081386941,-0.0589106933482,0.00730663958036,0.00726916447371,0.00730760994383,0.00734653292006,0.753271883067,0.750642828966,0.753375353832,0.755845861522
19,0.00802106526707,0.00731520101335,0.00801437541164,0.00876137641561,real,-223.913139748,0.00780926381391,0.265686613028,0.242645055443,0.265979924059,0.291056006522,0.00739061943707,0.00779406669037,0.00825832348863,75588,0.0157096699958,-0.0991393661102,0.0144661350495,0.13260387236,0.00777148389414,0.00749469864207,0.00776616448898,0.00805026834218,0.748824165225,0.73034246816,0.749001115971,0.766999848965
20,0.00731678849987,0.00720801859926,0.0073157802378,0.00742391440621,real,1.51387077725,0.00733449545248,0.249326720258,0.245742103498,0.249263193754,0.252705000945,0.00727164381518,0.00733439669302,0.00739775875548,3618838,-0.0411905645943,-0.0605332234809,-0.0420140454805,-0.0242867357323,0.00742906564084,0.00738773797709,0.00742894446733,0.00747349267612,0.75321593462,0.750582952801,0.753187060362,0.755960629384
21,0.00765829134387,0.00748534224792,0.00765838177267,0.00783052471893,real,62.3203450413,0.0077486907593,0.253717377458,0.248003723911,0.253576163161,0.259574667668,0.00763880709053,0.00774762884708,0.00784859349595,1240547,0.0030510988318,-0.0248862370505,0.00259671137846,0.0320220010815,0.00774139080016,0.00767490084086,0.00774014296193,0.00780993196928,0.747327641686,0.743224146254,0.747490007934,0.75137495677
22,0.00723958552027,0.00714102862543,0.00724039513605,0.00733632931083,real,0.412955896217,0.00720450738525,0.251672979772,0.248274265388,0.251700662515,0.255213168414,0.00714476105662,0.0072027983742,0.00726130757726,3777107,-0.0558695434285,-0.0749629044675,-0.0564618229009,-0.0387088551201,0.00733108749536,0.00729373431558,0.00733005715492,0.00736894006291,0.753011334204,0.750603826536,0.753108396536,0.755647619293
23,0.00725651318709,0.00664747224789,0.00724794769796,0.00787657644726,real,237.251839606,0.00768147742904,0.241267165104,0.217941443533,0.240892474854,0.265841131061,0.00729093914746,0.00768059161787,0.00806856267241,79481,-0.00838678859151,-0.125448663788,-0.00969164479111,0.106892174263,0.00770146387698,0.00743870226075,0.00770292774053,0.00795497162391,0.743474537037,0.726827795976,0.743453372444,0.759611194129
24,0.00753826500501,0.00744169191053,0.00753734027249,0.00764088614968,real,3.47257150886,0.00749002263019,0.254503520691,0.25146587229,0.254605752526,0.257850942716,0.00743689176682,0.00748994520744,0.00754670323014,4254724,-0.0222414066403,-0.0380399091175,-0.0226352846925,-0.00579937343708,0.007541862165,0.00750576270049,0.00754251131063,0.00757770520239,0.75117299766,0.748861929098,0.751127029231,0.75364041435
25,0.00775791224737,0.00765722602332,0.00775898056238,0.0078624323988,real,-17.8839634645,0.00773526719711,0.254841116026,0.251429364236,0.254818081459,0.258043483346,0.00767486445343,0.00773740883896,0.00779445457849,3648546,0.0158605351417,-0.00240687645698,0.0162717185487,0.0333604660382,0.00769753679956,0.00766035196001,0.00769825842631,0.00773569699802,0.750162514782,0.747575760512,0.750112333548,0.752774245205
26,0.00783727260386,0.00772984879793,0.0078380459036,0.00794592475533,real,-19.0038959018,0.0077767186189,0.256308884785,0.253159950445,0.256410972488,0.259712780489,0.00771549970386,0.00777479963136,0.00783786683714,3624385,0.0288368075062,0.0109594361092,0.0284524238043,0.0451021260932,0.00770802566914,0.00766925446179,0.00770698362634,0.00774979791436,0.749925399937,0.747426902134,0.749994012731,0.75241589439
27,0.00716468333869,0.00706832304906,0.00716175607665,0.0072624381666,real,0.188678213907,0.00709555410517,0.24966104933,0.246257857234,0.24973856029,0.253213129601,0.0070359350132,0.00709490713483,0.00715424422618,3525136,-0.085231014447,-0.103539384005,-0.0851630550638,-0.0660875272819,0.0072875092156,0.00725044001054,0.00728682019404,0.0073238983453,0.755460625983,0.752841740085,0.755340262396,0.758163564372
28,0.00735989418475,0.0072642549674,0.00736043145101,0.00746304056047,real,-1.98818342549,0.00737317504893,0.252739461188,0.249215724143,0.252682722046,0.2561487311,0.00731701947935,0.00737279036058,0.00743087068998,3896580,-0.0411199323757,-0.0589929050008,-0.0408977593749,-0.0228200778982,0.00746807863447,0.00743112377639,0.00746807016153,0.00750639701565,0.751325965947,0.748797860251,0.751313840908,0.754020699883
29,0.00746728302573,0.00737045395916,0.00746773847117,0.00757006586231,real,1.37312992154,0.0073439756065,0.253124701621,0.249686522426,0.253065122934,0.256550330818,0.00728479413127,0.0073420120185,0.00739954083122,3630683,-0.046688211916,-0.0656766937021,-0.0470081216399,-0.0282012417994,0.00745149150438,0.00741331110878,0.00745014244535,0.00748659892063,0.755497592462,0.752999020915,0.755630692795,0.758094792082
30,0.00781714820413,0.00771586289533,0.00781934887029,0.00792171391298,real,-15.8286889318,0.00775492770765,0.256135051871,0.253006955708,0.256204771325,0.259001789552,0.00769174403332,0.00775614799431,0.00781475596012,3848928,0.0289629998746,0.0113423818232,0.0288163817266,0.0467323074105,0.0076861302425,0.00764860657685,0.00768584162723,0.00772297697441,0.750250877681,0.748032851536,0.750257526359,0.752607281556
31,0.00716174084955,0.00707015220737,0.00716227535472,0.00725918430117,real,-0.679549891045,0.00726149859587,0.248211591183,0.244969541462,0.248094702237,0.251617390562,0.00720536057784,0.00726213152824,0.00732015338976,3825557,-0.0590077392733,-0.0757059160811,-0.0584980467624,-0.0412425901282,0.00739637930208,0.00735573986609,0.00739693096599,0.00743215103351,0.751002009409,0.748306683954,0.751007459965,0.753621295923
32,0.00761433977532,0.00695897444292,0.00761107909411,0.00826648830755,real,-211.321216554,0.0076506828647,0.269350196654,0.246551175088,0.26825417302,0.291354730179,0.00726671165077,0.00765647227342,0.00805812709824,82566,-0.0455944004264,-0.153988854797,-0.0470497671234,0.0631148673344,0.00776016014323,0.0074994649671,0.00776221900995,0.00803652308658,0.743073687174,0.727031204668,0.742954950838,0.75973429801
33,0.00760744499196,0.00751134883884,0.007606872835,0.00770110026796,real,-5.69433333014,0.00758011225881,0.254058667157,0.2509772749,0.254065240665,0.257242213814,0.00752239804253,0.0075804023878,0.00763572468256,4349555,-0.00139463708974,-0.0180929345397,-0.00156922520333,0.0145693980197,0.0075833807253,0.00754826813452,0.00758354664122,0.00762074895176,0.751292212965,0.748872442819,0.751268353626,0.75354986897
34,0.00725599612768,0.00635684585719,0.00721415386991,0.0081379851795,real,251.381604468,0.00737649625512,0.239358124065,0.21044870283,0.238803835904,0.269127381995,0.00685341902626,0.00734331457099,0.00787686455533,42980,-0.13935345991,-0.29370733693,-0.142662268078,0.0173030865453,0.00770928560808,0.00733579858982,0.00770136239574,0.00803832003315,0.75579851229,0.733085985669,0.755424299005,0.777721607976
35,0.00794351070539,0.00782379243999,0.0079420517383,0.00806187460512,real,-30.7165587793,0.00790810625625,0.253425582443,0.249413634615,0.253284931451,0.257036646761,0.00784087347339,0.00790706957362,0.00798232149251,2749389,0.0527193911197,0.032134082164,0.0530647895606,0.0741813493335,0.00778132659071,0.00773229772555,0.0077821311038,0.00782924583454,0.750346099994,0.747667188808,0.750386702918,0.753333348858
36,0.00765431364988,0.00731514121999,0.00765271215121,0.0080027301078,real,299.000514822,0.00786335904111,0.250240842833,0.239120369519,0.250342809595,0.261799570535,0.00766309460336,0.00785884636181,0.00806314561893,292194,0.0244014474035,-0.03701909755,0.0230680501595,0.0822036338719,0.00780448563708,0.00767273643012,0.00780956910497,0.00795184426661,0.743613867659,0.735092535197,0.743360924173,0.752304650584
37,0.00775361788423,0.00765396807148,0.00775540356315,0.00784849952854,real,-13.1574807504,0.00773100959731,0.253841884128,0.25048348189,0.253863778089,0.257179678188,0.00767440581827,0.00773094083018,0.00779041699257,3996200,0.0160093287625,-0.000534700653552,0.0164761244761,0.0347036038625,0.00769294803226,0.00765712943058,0.00769349377581,0.00773129076038,0.750349040245,0.748029260168,0.750284491515,0.752777680949
38,0.00770761546499,0.0075782917557,0.00770635051503,0.00784180246416,real,-43.814098735,0.00783000365333,0.2535171776,0.249001050219,0.253554905388,0.257751879825,0.00774594281588,0.00783042798269,0.00790628835388,1999789,0.0524172415804,0.0270995097432,0.0524161021535,0.0758037932555,0.00770518231002,0.00765294314464,0.00770510796747,0.00776178723307,0.745599720383,0.742120887848,0.745513594871,0.748775612388
39,0.00795599967493,0.00775725045877,0.00795734444397,0.00816861045751,real,78.7313302702,0.00792361447348,0.259069818077,0.252063440909,0.259203137867,0.266466747623,0.00779832418416,0.00792198052897,0.00805619805217,830257,0.0440995281684,0.00790724649968,0.0435257273822,0.0792361880991,0.00781706776653,0.00773547675694,0.00781863307655,0.00790381234086,0.748112209213,0.743280506949,0.748210624347,0.753144731925
40,0.0078046624426,0.00755868681925,0.00780011508421,0.00805931352336,real,-93.774895258,0.00783340324132,0.250433967102,0.24140635781,0.250107424052,0.259309423025,0.00767239382064,0.00783347069842,0.00798386062261,580531,0.0338823935926,-0.00974778507831,0.0350293793121,0.0778918637545,0.00775221643925,0.00765267561473,0.00774862226076,0.00785611872665,0.75103690341,0.744733262643,0.751026649373,0.757289407152
41,0.00778514502642,0.00748833782614,0.00778184755919,0.0080765602142,real,-111.656853219,0.00808073581385,0.254410767394,0.244559366952,0.254059898125,0.263890325694,0.00789920544199,0.00807792930579,0.00828269460223,409382,0.104441435307,0.056466146029,0.101800774646,0.157144099899,0.0078280152301,0.00770738847419,0.00782680570968,0.00795053829625,0.739317322004,0.732824548327,0.739521862463,0.74664902577
42,0.00782439736906,0.00768555862103,0.00782298137805,0.00796698331069,real,-46.4718439121,0.00783359794041,0.252676496199,0.247989967722,0.252742216568,0.257347378401,0.00774509509377,0.00783394133902,0.00791879367762,1837192,0.0352005633743,0.0108454061854,0.0351399939386,0.0599308565501,0.00774929448549,0.00769343959294,0.00774890902887,0.00780337108498,0.750023179803,0.746452868984,0.750045009877,0.753710949813
43,0.00778504289645,0.00764186105564,0.00778232137079,0.00792968358082,real,-52.2695428422,0.00790349437506,0.251966037798,0.247274628539,0.251961255255,0.256917985785,0.00781083214513,0.00790245168896,0.00799156251436,1647933,0.0451584733351,0.0184247213863,0.0452011094363,0.0701160963805,0.00779470780529,0.00773856503767,0.00779451934769,0.00785434748504,0.747142196269,0.743553480319,0.747089948398,0.750698715618
44,0.00781313367203,0.00768417384516,0.00781271716608,0.00794328593974,real,-38.9366652443,0.00777509569103,0.253031491116,0.248790291909,0.252937931292,0.257443495825,0.00769703090431,0.00777713540163,0.00785145969668,2243732,0.0253158095409,0.00171368076906,0.0257193045998,0.0483576809431,0.00771473665947,0.00766310834338,0.00771621679673,0.0077709188944,0.751462964322,0.748308161922,0.751390300742,0.754776618746
45,0.00767299322173,0.00746202809861,0.00766927728373,0.00789362456018,real,83.4598769657,0.00800198071575,0.245101764978,0.237677378001,0.245148074143,0.252517942703,0.00787068548278,0.00800760437843,0.00813454715396,741679,0.050803851729,0.0149827236805,0.0516225484759,0.0924877849627,0.00787827330479,0.00778849096367,0.00788000281434,0.00796230054385,0.745443882315,0.739990970828,0.745333117148,0.750553463545
46,0.00736576718471,0.00726236914908,0.007361979565,0.00746497534268,real,1.24026854343,0.00735214099133,0.251221227649,0.247694689457,0.251132067345,0.25473643208,0.0072897391467,0.00735265348427,0.00741047856941,3619588,-0.0322123191585,-0.051307545364,-0.0326249599374,-0.0136817302581,0.00742606801678,0.00738944132115,0.00742634619903,0.00746762294997,0.753002408586,0.750242547291,0.752936933702,0.755594089232
47,0.00755618466755,0.00746725346538,0.00755480832855,0.00765034419992,real,4.0188031467,0.00754044284276,0.250696718361,0.247493229085,0.25055441233,0.254186608862,0.00748559373674,0.00754083273242,0.00759648281802,4121664,0.000584011831093,-0.0159408701652,0.000789630729358,0.0165046591556,0.00753908214796,0.00750556596643,0.00753871500364,0.00757512307312,0.752030697208,0.749854747507,0.752079229839,0.754467058941
48,0.00787907391918,0.00775112417015,0.0078862355514,0.00802553261732,real,41.305149325,0.00787077124774,0.252040095516,0.247825468318,0.252140685405,0.256072406392,0.00779350161367,0.00787461316527,0.00795323008312,2111181,0.038106980497,0.016809565516,0.0389345511629,0.0624230951645,0.00777915607088,0.00772933092244,0.00777958283119,0.00782919703267,0.751340869944,0.748227091658,0.751353000484,0.754416342272
49,0.00814682727015,0.00787199362897,0.00815623890177,0.00845157744248,real,105.349678615,0.00806258373866,0.257413453391,0.249056699574,0.257436370715,0.266792849001,0.00788989564366,0.00806424591326,0.00822867361864,475445,0.0723077479114,0.0234915899843,0.0729399199149,0.11838382635,0.00788632123004,0.00777329379927,0.0078847180481,0.00800174037979,0.750046730433,0.743515285546,0.750080939477,0.756168711224
50,0.00788423440481,0.00773004727095,0.00788745346268,0.00804741992644,real,-58.7753101791,0.00793685973254,0.252841834238,0.247988053707,0.252946895975,0.258027846495,0.00783912469646,0.00793685741994,0.00803947684311,1408411,0.0580900596017,0.0296475151312,0.058026491702,0.0854706164845,0.00779688056505,0.00773606521798,0.00779684409901,0.0078597498206,0.748946198692,0.744665831615,0.749063149363,0.75296301972
51,0.00762203132725,0.00753072633163,0.00762227247904,0.00771383994481,real,5.31954628469,0.0075692917262,0.252639595708,0.249495681274,0.252565716603,0.255550959142,0.00751044533089,0.00757027321294,0.00762779232475,4238191,0.00239664182072,-0.0151495481013,0.00269907432506,0.0186180033855,0.00756368954576,0.00752720116104,0.00756429801007,0.00760052584408,0.752273946148,0.749927550206,0.752344994399,0.754621765158
52,0.00773943572748,0.00720781753008,0.00773073032688,0.00831065628086,real,177.619591131,0.00789903225084,0.241671075415,0.224481589896,0.241460462385,0.258946154155,0.00761352885101,0.0078991599793,0.00820639882331,123350,0.0206766074589,-0.0677026027367,0.0203004305461,0.1149997638,0.00784883884603,0.00765454732772,0.00784817483707,0.00804689095274,0.753973362455,0.739140604871,0.753972109336,0.767526172395
53,0.00748847342924,0.00739078580556,0.00748622966167,0.00758265283621,real,3.73782185846,0.0075091063304,0.253328734767,0.249974897348,0.253240380552,0.256243242194,0.00745081308558,0.00750752063327,0.00756476137002,4188836,-0.0112280489978,-0.0285655909653,-0.0120002122603,0.00622640574783,0.00753525337396,0.00749798405037,0.00753407996509,0.00757139176635,0.749496491035,0.746924242607,0.749579908903,0.752093953624
54,0.00769889716769,0.00760311799742,0.00769879628778,0.0077898315339,real,9.01976125955,0.00764931352718,0.253686370511,0.250569785009,0.253833751546,0.256764424952,0.00759472169945,0.00764917118792,0.00770368271046,4332676,0.00186255692899,-0.0144943894448,0.0016739112186,0.0187805853413,0.00764491302716,0.00760996326924,0.00764426008382,0.00768055300253,0.751954529881,0.749675410191,0.751937476368,0.75432672689
55,0.0078501104867,0.00773747527084,0.00785089032009,0.00795889902425,real,25.6822075212,0.00775796326319,0.256357853196,0.252829679759,0.256370679904,0.260020399995,0.00769858154014,0.00775873459994,0.00782402193667,3109540,0.0106369911366,-0.00684901975272,0.0110597052951,0.0300137173236,0.00773254388025,0.00769120628889,0.00773301099556,0.00777519642457,0.751707373298,0.74904640762,0.751696529383,0.754232330735
56,0.00760945729724,0.0075207452689,0.00761269478126,0.00770161014386,real,-6.51190699039,0.00760852322222,0.254820034129,0.251785097314,0.254853907806,0.257798356297,0.00755534755188,0.0076098048124,0.00766754035827,4334818,0.0115801508924,-0.00499673625255,0.0120028426741,0.0288815592912,0.00758139113996,0.00754764767857,0.00758233878729,0.00761650184368,0.749299331228,0.746968326805,0.749322504057,0.751532549004
57,0.00769278904257,0.0075983669132,0.0076928375156,0.00779915294757,real,16.8267312467,0.00769286312147,0.254739275719,0.251454494238,0.254786775937,0.258136229476,0.00763327361814,0.00769373328989,0.00775307476548,3756690,0.00438777742379,-0.0130496759,0.00435518536875,0.0231878095012,0.0076824455731,0.00764250021381,0.00768279571695,0.00772134595965,0.749493909694,0.747076235982,0.749498499811,0.751910212171
58,0.00767231788201,0.00757832245274,0.00766962348552,0.00777237373015,real,10.9102719178,0.00767375325578,0.252076515456,0.248813341478,0.252042897661,0.25530728596,0.00761546211677,0.00767419925458,0.00772622586665,4161401,0.0134930477016,-0.00586177267664,0.0133745127493,0.0298728190664,0.00764188700147,0.00760704038287,0.00764125076664,0.00767749634159,0.750662180492,0.748442930071,0.750686443265,0.75320457706
59,0.00736966850279,0.0070435442299,0.00736291826466,0.00772785346823,real,-125.415546026,0.00778280541978,0.245988585658,0.234158940259,0.245782480237,0.258028936285,0.00757470026333,0.00778110772119,0.0079936536989,293111,0.0108309846,-0.0465636840094,0.0112505758572,0.070962307231,0.00775683301859,0.00762845185953,0.00775698891707,0.00789097974538,0.74400989534,0.735938442477,0.744057882563,0.752687331387
60,0.00790190177861,0.0077285653795,0.00790267149293,0.00806566705496,real,55.4287466323,0.00787240788869,0.252749858844,0.247379644292,0.252594143934,0.258009102816,0.00778115393182,0.00787305206047,0.00796343404356,1475444,0.0358236459438,0.00845988788927,0.0353927193868,0.0620629579136,0.00778620242244,0.00772650502719,0.00778822140494,0.00785291122484,0.751145135861,0.747251238726,0.751157355343,0.755190776515
61,0.00725491649059,0.0071594795227,0.00725437128234,0.00735896446918,real,-1.24026854343,0.00734360231574,0.253013937145,0.249381788743,0.25298744289,0.256615198529,0.00728418720476,0.00734284715138,0.00740661526261,3633657,-0.0394101043155,-0.0577482498923,-0.039398995213,-0.0214505812214,0.00743414658281,0.00739345944421,0.00743385774058,0.00747459565569,0.748207500274,0.745635330978,0.748227961377,0.750786815806
62,0.00766915389088,0.00757003934022,0.00766728227368,0.00776191814842,real,-9.61399327391,0.00766651788846,0.256302817023,0.252986651367,0.256281660632,0.259517400456,0.00761150482044,0.00766589890327,0.00772423630624,4189952,0.0125436847873,-0.00393941868427,0.0124006154281,0.0291580269619,0.00763691301153,0.00760097254066,0.00763749971778,0.00767217568063,0.748761344007,0.746485068651,0.748675359431,0.751071087911
63,0.00761544271516,0.00751561073493,0.00761382356744,0.00771753637545,real,-4.63174562452,0.00758174910975,0.253625333039,0.250340328589,0.253702480731,0.256903476121,0.00752793950177,0.00758433571921,0.00764368915256,4248433,0.00149865635454,-0.0142894691553,0.00219376570729,0.0190729955386,0.00757823924331,0.0075414420329,0.0075786510622,0.00761756949386,0.751268635172,0.74877239481,0.751165230911,0.753436437993
64,0.00694973571097,0.00684768635171,0.00694962740753,0.00704727596227,real,-0.0593060052991,0.0069688685103,0.248622359694,0.245061461282,0.248669058655,0.252301343121,0.00691051874555,0.00696927785505,0.00702822717799,3505664,-0.104931587048,-0.123591646677,-0.104400731128,-0.085187484779,0.00720243399464,0.00716370927222,0.00720182209822,0.00723927756707,0.753732256528,0.751016028315,0.753663795023,0.756501721122
65,0.00773710365525,0.00765302200571,0.0077359351995,0.00782836955706,real,10.2434668153,0.00769911856546,0.255886000638,0.252702202144,0.255915348764,0.258801403707,0.00764298560712,0.00769740544375,0.00775803539129,4246575,0.0212547419442,0.00496919087126,0.0210692477072,0.0384715282528,0.00764887579594,0.00761450939579,0.00764914547842,0.00768503855309,0.749323271043,0.746956135173,0.749334160993,0.75161777324
66,0.0070580198117,0.00695440409716,0.00705627447074,0.0071617776407,real,0.122129212863,0.00702534569281,0.251180021288,0.247852434642,0.25103580052,0.254751468154,0.0069635979867,0.00702631732596,0.00708419209674,3548934,-0.0814009151935,-0.100921135769,-0.0816546435296,-0.0618790965892,0.00720664039046,0.00716368175751,0.00720699982466,0.00724775642713,0.753305680371,0.750527424244,0.753340549381,0.756159872731
67,0.00760525806119,0.00750773866041,0.00760329587963,0.00770102626654,real,-6.95740818617,0.00758219321848,0.251767662252,0.248676406601,0.251771875349,0.255021052874,0.00752632305151,0.00758096389896,0.0076341457714,4267266,-0.00924886696955,-0.0246812970733,-0.00952867015253,0.00709713907692,0.00760392756768,0.00756425564835,0.00760204775477,0.00763981424749,0.752330105508,0.749908678574,0.752275190835,0.754668679363
68,0.0077102167225,0.00759956300649,0.00770638353272,0.00781282739423,real,-27.2646226618,0.0077584885887,0.251679660037,0.247888868107,0.251646938171,0.255195778711,0.00768647790888,0.00775913281218,0.00782192884263,2964316,0.0219369827585,0.00129550045196,0.0224018470198,0.0410207859011,0.00770624365409,0.0076623981473,0.00770504070678,0.00774586939773,0.750051193797,0.747347888928,0.749997380181,0.752544356011
69,0.00717356608558,0.00707681787683,0.0071707247774,0.00727665863568,real,0.333850548519,0.00720074553161,0.247193119516,0.243908028572,0.247118053825,0.25052508087,0.00714017208732,0.00720039522379,0.00726053167661,3601798,-0.0722796659209,-0.0901933240037,-0.0727565722483,-0.0549201347489,0.00736526875873,0.00732438642113,0.00736463326482,0.00740762431472,0.754154826246,0.751557594421,0.754192890674,0.75682425617
70,0.0078541187773,0.00774184219587,0.00784915755263,0.00796928363939,real,-28.9408845232,0.0078354747837,0.253555820618,0.249895378447,0.253485881413,0.257284339101,0.00776585646052,0.00783537135228,0.00790426546664,2887168,0.0448567083291,0.0232534972953,0.0450583075452,0.0658822957281,0.00772833804392,0.00768447729127,0.00772839620957,0.00777077636468,0.750642209103,0.74776879202,0.750611390321,0.753252932988
71,0.00770659184883,0.00760182816322,0.00770711697233,0.0078046782711,real,-14.8865227305,0.00775667801404,0.254189188734,0.251059991934,0.254327871407,0.257456022037,0.00769551416949,0.0077560325543,0.00781555120144,3926263,0.0294966655854,0.0116108361373,0.0292266349803,0.0472660438644,0.00768660857867,0.00764999236141,0.00768628464725,0.00772633752208,0.748389454265,0.746047115997,0.748400943574,0.750941359793
72,0.00728977883111,0.00719127782819,0.00728718249457,0.00739412775686,real,0.496752666086,0.00727863367718,0.252618040124,0.249237383267,0.252505099025,0.255801257211,0.00722405814192,0.00727801101834,0.00733835580895,3728479,-0.0534367484471,-0.0709656141992,-0.0541812824301,-0.0343662553786,0.0074008541206,0.00736590518235,0.00740238717778,0.00744089183774,0.7518058592,0.749228907391,0.751837311149,0.754585265593
73,0.00778337707558,0.00738919399038,0.00778810185037,0.00817709475459,real,140.854577155,0.00750402508649,0.258362836909,0.244888239094,0.258300261005,0.272634603227,0.00726582618482,0.00750582386417,0.00772032048406,218401,-0.0670523400928,-0.132678228884,-0.0671068700421,0.00177643865602,0.00766288703195,0.00750965692633,0.00766423763597,0.00781211145618,0.757320615388,0.74866515569,0.757416798036,0.766726668976
74,0.00782757386597,0.00771804131583,0.00783025996923,0.00793885809004,real,-22.7781952518,0.00782555002122,0.25625035298,0.252709793316,0.256266560961,0.259665548093,0.00775802978958,0.00782656654743,0.00789319715598,3307998,0.0289806440675,0.0110911701122,0.0291371611452,0.0483784499951,0.00775608383618,0.00771367656019,0.00775620197421,0.00779824122397,0.748254192414,0.745651798742,0.748227550067,0.750898122039
75,0.00727741108054,0.0067641743667,0.00727128508254,0.0078386395631,real,-188.212805549,0.00757277500012,0.2495637997,0.230729981259,0.249213173704,0.269241388215,0.00724289520009,0.00757635416937,0.00788927301299,115837,-0.0360737061,-0.131728529189,-0.0357725297237,0.0625733500335,0.00765822518753,0.00742814490903,0.00765952178421,0.00788340687628,0.748627873303,0.734015168197,0.74855723106,0.763267202284
76,0.00759251403761,0.00750003501235,0.00759163069127,0.00769038031447,real,6.09134749809,0.00757045126715,0.256117115788,0.252792505106,0.256037751252,0.259445319144,0.00751647222691,0.00756989184603,0.00762642283242,4351267,-0.00185824147654,-0.0181451438735,-0.00189569673119,0.015245725527,0.00757480130833,0.00753724982533,0.0075742991457,0.00761003848619,0.749188991737,0.746980106318,0.749190534109,0.751641732052
77,0.00770257842004,0.0076007296184,0.00770196774614,0.00780383226626,real,21.4469559625,0.00775867015169,0.253446710575,0.25011366146,0.253391875921,0.256708353413,0.00769707060795,0.00775734588015,0.00781705311401,3400107,0.029577325446,0.0108537690359,0.0288481206492,0.0474557843099,0.00768839251929,0.00764746712587,0.00768669126194,0.00773001710466,0.748498198029,0.746046510633,0.748565233939,0.751082744744
78,0.00746467496316,0.00736650554921,0.00746339018637,0.00756418767561,real,-3.22217139002,0.00749976450694,0.251723093168,0.248480643693,0.2517123363,0.254925767168,0.00744367381902,0.00749947937748,0.00756003637261,4032062,-0.0153298042073,-0.0327253642513,-0.0156910290273,0.00195378393041,0.0075354644468,0.00749757507461,0.00753495219249,0.00757303277775,0.750395836841,0.747823034271,0.750354331319,0.752921638825
79,0.00735132124726,0.00724621202992,0.00735320271474,0.00745020474433,real,-0.996444364655,0.00741724128078,0.254407791839,0.251174633199,0.254311837093,0.25783830251,0.00735664853184,0.00741834491231,0.00748059192143,3558615,-0.0020594103577,-0.0198016504777,-0.00191568791806,0.0160843968053,0.00742196500283,0.00738167571117,0.00742284835501,0.00746233970998,0.747159114109,0.744698984127,0.747199943069,0.749882719528
80,0.0074625641002,0.00671572023206,0.00745986142384,0.00821306486526,real,-237.251839606,0.00740696009765,0.234536159192,0.209655539303,0.234697247705,0.258803319847,0.00697649309306,0.00740967016222,0.00783677767417,69743,-0.0085908658281,-0.133632025607,-0.0113482301376,0.122932728676,0.00742670709087,0.00714764894291,0.00742276916937,0.00772573158531,0.766208525555,0.748913124491,0.766435789474,0.78484839321
81,0.00731867365259,0.00722386642084,0.00731632747964,0.00741497819476,real,-1.82088783651,0.00736704262498,0.250789893209,0.247557710308,0.250716905175,0.254095466777,0.00730306671778,0.00736462063955,0.00742289892131,3727029,-0.0341909104873,-0.0528170350698,-0.034290489435,-0.0167896163678,0.00744571806322,0.00740712853878,0.00744518941036,0.00748247753467,0.750722280131,0.748230053954,0.750692851634,0.753363063128
82,0.00792757800341,0.0076869952753,0.00792040177026,0.00816806932516,real,88.4688548766,0.0079513771297,0.259426795314,0.25156841637,0.259363645375,0.267420935405,0.00780958837815,0.00795033265871,0.00810239916132,663721,0.0620113899457,0.0182629784367,0.0614459189944,0.104743902172,0.00780184168908,0.00771018502774,0.00780178936052,0.00788959463618,0.743726686574,0.737925236411,0.743767734638,0.748995896911
83,0.00776868354558,0.00736519386573,0.00778854183548,0.00822231591099,real,158.179165004,0.00786248197469,0.242871421042,0.228983479531,0.243341907476,0.257243279426,0.00762790100479,0.0078619591272,0.00811790207248,193342,0.0046712342264,-0.0680837817825,0.00665294318726,0.0769452588177,0.00785114234417,0.00770597053292,0.00785583289811,0.00802494034727,0.754316943258,0.743766742141,0.754071350387,0.764954005566
84,0.00729654527521,0.00719899317163,0.00729943181577,0.00739533299707,real,-1.66295841088,0.00736466513768,0.252295979783,0.248805705476,0.252350030324,0.255758410259,0.00730647865064,0.0073631443614,0.00742295748291,3654904,-0.0323568999416,-0.051215892128,-0.0325469095296,-0.0140911436241,0.00743905380479,0.0073997598929,0.0074387969278,0.00747808508901,0.74921138148,0.746474816088,0.749295267546,0.751864092316
85,0.00803558109435,0.00769259335055,0.00802187617506,0.00840633383554,real,132.912747068,0.00805837983721,0.25484593283,0.242835329035,0.254818087184,0.265825357375,0.00783860984811,0.00804653996581,0.00826929472415,268621,0.0830016543943,0.01746134241,0.0812651460142,0.142771857956,0.00785677435008,0.0077150220531,0.00784992354942,0.0080001338999,0.748967297762,0.740835356666,0.74917494822,0.757331858387
86,0.0078841823184,0.00772856607942,0.00788353430116,0.00803593514102,real,-49.2872093387,0.00782540086623,0.248594499079,0.244007147698,0.24858083287,0.25329079665,0.00773928657073,0.00782594979011,0.00791441719667,1746194,0.0345559237745,0.00961203843975,0.034040033981,0.0576850367856,0.00774271135189,0.00768874022261,0.00774345102154,0.00780027821359,0.753922220529,0.750624987471,0.753991194498,0.757501563124
87,0.00769097225483,0.00739082440521,0.0076896821482,0.00796130942612,real,118.338081152,0.00793970635057,0.254523832845,0.244881138399,0.254211223895,0.264333247104,0.00775236233276,0.00793802016654,0.00812686949494,377295,0.0508604016481,-0.00302627391891,0.0510035447707,0.102648878855,0.00781681119842,0.00769322282594,0.00781836302253,0.00793646255543,0.744267765828,0.73667741371,0.744128158242,0.75154339155
88,0.00786991630098,0.00774389605184,0.00786902021589,0.00798752188735,real,32.5975411824,0.00779011537327,0.255578221281,0.251410532696,0.25555249967,0.259813109397,0.00771616658812,0.00778839390521,0.00786310897045,2594917,0.0122722194395,-0.00991424484443,0.0113741644279,0.0326141800129,0.00776068135658,0.00771406745859,0.00776138482362,0.00780413984284,0.751261734852,0.748352936841,0.75125967963,0.754042419985
89,0.00750745696194,0.00741235087779,0.00750821366582,0.00760664872172,real,-2.76264278804,0.00747209985366,0.254270985365,0.250967970808,0.254274265984,0.2576188043,0.00741450016156,0.00747037730513,0.00753072775934,3932255,-0.018057795724,-0.0356291159383,-0.0184688035519,0.000188610872552,0.00751403315084,0.00747764815497,0.00751389820546,0.00755086439859,0.751146673727,0.748712342103,0.751146750802,0.753642822576
90,0.00814130360689,0.00785809652398,0.00814664527804,0.00842726304458,real,-99.3956156984,0.00807633103053,0.265456364119,0.256554250423,0.265669172514,0.274575809083,0.00791342374421,0.00808264850049,0.00825716279604,488537,0.0723021035224,0.0248265891713,0.0726900008005,0.12472594923,0.00789978249271,0.00779490087073,0.00790233822429,0.00801957932718,0.743723703472,0.737471084825,0.743491947585,0.75000951099
91,0.00752078581286,0.00742353499207,0.00751843132587,0.00760863500623,real,2.76264278804,0.00749423910155,0.254499472742,0.251224831017,0.254412190541,0.257736916198,0.00743373502064,0.00749387800566,0.00754831330689,3955773,-0.00776851738567,-0.0264040848717,-0.00791587161539,0.0091985007736,0.00751227470617,0.00747671558432,0.00751187020334,0.00754905260961,0.750985454311,0.748513864355,0.75091627837,0.753448775107
92,0.00764021395726,0.00754660003666,0.00763929158548,0.00773882950141,real,7.92924018437,0.00766592853193,0.254670512503,0.251736222278,0.254784862798,0.258101275503,0.0076108950694,0.00766656657,0.00772419599947,4371531,0.0135725389443,-0.00277651771266,0.0134449431552,0.03084968709,0.00763390804984,0.00759909471375,0.00763420271802,0.00767034032665,0.748603849914,0.746181049096,0.74851987236,0.751021446165
93,0.00733975747423,0.00723756256643,0.00733453885415,0.00743878952048,real,1.11484550472,0.00733045989944,0.251046302145,0.247724750851,0.251070058737,0.254816652542,0.00726886402199,0.00732973221425,0.007391015006,3547421,-0.0503778629892,-0.0691922263594,-0.050376173569,-0.0330237056795,0.00744639321216,0.00740752972177,0.00744590760326,0.00748381756668,0.752828625232,0.750288969022,0.75266606855,0.755535061712
94,0.00732236215263,0.00722426818157,0.0073244159531,0.00742349561506,real,-0.779157285784,0.00733839110878,0.249916317822,0.246708466151,0.249901601932,0.253551586586,0.00728087395033,0.00733949448892,0.00740005936749,3614006,-0.0409490493081,-0.0582789868549,-0.0405565798646,-0.0219135338236,0.00743244962481,0.00739377595149,0.00743291075756,0.00746793255434,0.752387112481,0.749702522449,0.752371780319,0.755003534705
95,0.00785308233473,0.00765372479108,0.00785398770029,0.0080623777616,real,-74.2675146477,0.00787682177299,0.259379687317,0.252951808745,0.259500321131,0.265255868492,0.00776149346427,0.00787719421422,0.00799923333064,965736,0.0414975777818,0.00861148876486,0.0408492439851,0.0730577408646,0.00777707607782,0.00769912487497,0.00777704863068,0.00786848330388,0.746991546508,0.742545184309,0.746992548581,0.751509335867
96,0.00730838606664,0.00638040827364,0.0072916880821,0.00834520565415,real,282.204771163,0.00779525694402,0.23997123601,0.205455705062,0.23970229992,0.274597494327,0.00718603276971,0.00778689797301,0.00844600375815,30578,-0.00249679701827,-0.191026739259,-0.00303048823779,0.180424311058,0.00780129623695,0.00742821497508,0.00780189626186,0.00820751462693,0.743359113233,0.716473325993,0.742916666667,0.768871781258
97,0.00827747868556,0.00725404833155,0.00829353226808,0.00935290356276,real,-282.204771163,0.00760784681836,0.220969875335,0.191428565628,0.220814866114,0.249119340615,0.0070081672407,0.00759847128903,0.00819916577268,35600,-0.233998732824,-0.39813547699,-0.239574888267,-0.0739627885632,0.00820260572929,0.00779606258819,0.00820738858978,0.0086378460333,0.794755310944,0.774191683071,0.795333046337,0.816388116211
98,0.00733717474932,0.00724091688448,0.00733711872464,0.00743931420436,real,0.779157285784,0.00736930739761,0.249073619957,0.245707928439,0.249052844004,0.252477396256,0.00730980612104,0.00736827368807,0.0074308991809,3665043,-0.0434166818959,-0.0629888757123,-0.043820717056,-0.0253364342688,0.00746953147727,0.00743099043964,0.0074695465784,0.00750905957638,0.752975644963,0.750711961375,0.75292547264,0.755641788823
99,0.00725009626472,0.00715588096861,0.00724923840528,0.00735987591093,real,-1.11484550472,0.00734724476536,0.251309025148,0.247696930537,0.251302227229,0.254868269924,0.00728937382186,0.00734579210369,0.00741167379545,3581910,-0.0265449561697,-0.0444519670914,-0.0265514042607,-0.00824257384887,0.00740801717747,0.00736989695763,0.00740779102853,0.00745021133238,0.748573608179,0.746095527209,0.748599147932,0.751280328911
100,0.00774631198969,0.00762237356823,0.00774457332605,0.00787262492703,real,-36.7007824411,0.00779320651893,0.254661793303,0.250196288475,0.254576003908,0.258869031362,0.00771817326372,0.00779249531051,0.00787048193353,2383229,0.0359858794781,0.0144083167642,0.0357180993025,0.0580346768545,0.00770748828886,0.00765673830977,0.00770683821245,0.00775641990117,0.747695904797,0.744727058025,0.747690675586,0.750826750367
101,0.00792381036959,0.00766279281643,0.0079254602322,0.00820741751861,real,99.3956156984,0.0079321987536,0.258637291672,0.250441405811,0.25874666825,0.267342223445,0.00777612426006,0.00793116358324,0.00809214887326,528273,0.0591885993955,0.0144081091214,0.0577322728447,0.103702587219,0.00778968701623,0.00768799155304,0.00779248732592,0.0078924741465,0.746047527466,0.73962384079,0.74605594596,0.752032457644
102,0.00794336451372,0.00781762902177,0.0079427671296,0.00806005175079,real,-32.5975411824,0.00785339668744,0.255435912704,0.251540583558,0.255284914621,0.259432090147,0.0077833558457,0.00785181482648,0.00792605669946,2619287,0.0378273693103,0.016872845022,0.0371550129569,0.0590870303101,0.00776264756916,0.00771607016166,0.00776148297358,0.0078081601232,0.75146355719,0.748636850884,0.751415698553,0.754559528242
103,0.00754191664588,0.00744030168819,0.00754042088759,0.0076435914687,real,-2.35312791513,0.00747667278422,0.25229491549,0.24879645268,0.252130892108,0.255717682494,0.00741175697295,0.0074765277704,0.00753304019412,3866308,-0.0123336842865,-0.0325586900418,-0.0129939406179,0.00495573556365,0.00750528036465,0.0074679144897,0.00750541282503,0.00754514503162,0.753260783618,0.750801811257,0.753362120946,0.755917942103
104,0.00791411772942,0.00759138943422,0.00791612295955,0.00823724836638,real,-118.338081152,0.00762705437274,0.249004506689,0.238346365538,0.249097890793,0.259971275928,0.00745466081379,0.00762848488661,0.00781364026155,363910,-0.0152172474896,-0.0684433298531,-0.013777172121,0.0376353905108,0.00766310166906,0.00754653231231,0.00766446647723,0.00778493024609,0.762807877546,0.754787676742,0.762725786371,0.770134110879
105,0.00793926398501,0.00778762597775,0.00794251863505,0.00808495501106,real,49.2872093387,0.00789335745446,0.258104340109,0.253507371051,0.258067471977,0.262952783427,0.00780722039183,0.0078945692898,0.00798178984119,1728868,0.0444770897727,0.0187494937719,0.0449451216898,0.0695730739738,0.00778632782487,0.00772731777416,0.00778504306095,0.00784201398205,0.747975728016,0.744446236198,0.748034239566,0.751658219722
106,0.0077559182442,0.00741350649829,0.00776235746743,0.00812924403403,real,-132.912747068,0.00789415607822,0.25362350437,0.241438230465,0.253441509702,0.265592592531,0.00768361905949,0.007894716542,0.00811523029301,273878,0.0134816748624,-0.0467398352052,0.0144053703539,0.0781129668335,0.00786139098795,0.0077254485998,0.00785920048044,0.00801080421783,0.744220447102,0.736369718276,0.744113366177,0.752869831953
107,0.00742807418925,0.00732569864303,0.00742628593314,0.0075271400028,real,1.66295841088,0.00734207231073,0.253763375223,0.250456434003,0.25365560152,0.257406571141,0.0072853694639,0.00734121168773,0.00739958997828,3670018,-0.0396660362388,-0.0576313813824,-0.0401346766861,-0.0222523083288,0.00743319286126,0.00739593913623,0.00743281290999,0.0074707491619,0.753606446745,0.751198310454,0.753607664888,0.756234134531
108,0.00821525805094,0.00771686353924,0.00819827007595,0.00868944459909,real,-158.179165004,0.00797256605051,0.262187104176,0.247289740276,0.261790117905,0.276410386846,0.00767163003689,0.00796468599075,0.00823585695913,170763,0.0449695441059,-0.0427012475291,0.0433393371133,0.121699558348,0.0078632250823,0.00767562048902,0.00786276147129,0.00802842636249,0.751781263552,0.740342227667,0.751807277089,0.7626944588
109,0.00781371489198,0.00759246651056,0.00780737656173,0.00805589415383,real,-88.4688548766,0.00784847438409,0.246165918146,0.238858423233,0.245974554917,0.253701338,0.00771925441139,0.00785058564759,0.00799151133113,678292,-0.00130155218495,-0.0365538669177,-0.000512025991987,0.0393387206491,0.00785163298886,0.00775954847104,0.00785265315988,0.00794418555044,0.75510677773,0.749515685902,0.755133203023,0.760345769053
110,0.00744209054208,0.00735509331227,0.00744116376018,0.00754117481691,real,1.82088783651,0.00742643467287,0.251302877998,0.248056297098,0.25137879722,0.254773725585,0.00736599087712,0.00742599020523,0.0074896720731,3678406,-0.0332717225241,-0.0509240943107,-0.0332445763489,-0.0140636419836,0.00750359008048,0.0074639979964,0.00750269857372,0.00754249586689,0.752712859499,0.750232779075,0.752734277856,0.75521552541
111,0.00727436111324,0.00716767104865,0.00727623984412,0.00737972698194,real,0.996444364655,0.00731849794704,0.24984083848,0.246407781683,0.249854977807,0.253521752982,0.00726029211576,0.00732050974931,0.00738438737147,3553950,-0.0399378072024,-0.0571488486281,-0.0391357878481,-0.0203389092234,0.00740995610076,0.00737134497399,0.00741017415363,0.00744815772265,0.751925908246,0.749391418076,0.751827365087,0.754211546414
112,0.00735317959865,0.00725877516005,0.0073544287698,0.00745468041571,real,3.22217139002,0.00742011201645,0.250354644974,0.24733777294,0.250392913584,0.253609670162,0.00736185041923,0.00741987513641,0.00747323940362,4025969,-0.0249282662263,-0.0421602338154,-0.0254418353056,-0.00807117141606,0.00747771994046,0.00744093320714,0.00747699497685,0.00751197469761,0.750381903635,0.747944364598,0.750381380001,0.753006886038
113,0.0078314214814,0.00772758156234,0.00782640921819,0.00793794079892,real,-21.4469559625,0.00777032636819,0.255463380686,0.252268740811,0.255363600964,0.259039714785,0.00771098645985,0.00776990026127,0.00783085816705,3423317,0.0235403222926,0.00526405788977,0.0231631150984,0.0413215970754,0.00771420527291,0.00767246323627,0.00771350651674,0.00775309249177,0.750808852497,0.748349385884,0.750794276567,0.75349838078
114,0.00749740539553,0.00740216468839,0.0074955835101,0.00759554704272,real,-6.09134749809,0.00755720212166,0.250057959413,0.246779382616,0.250100049592,0.253167204044,0.00750111095658,0.00755733119213,0.00761327527494,4346854,-0.0055188265443,-0.0211646102814,-0.00539543649831,0.0111950337797,0.00757011339631,0.00753576122567,0.00757010686395,0.0076063422448,0.750585667515,0.748282950466,0.750581677625,0.752981753724
115,0.00859861227137,0.00792556202915,0.00861192146458,0.00930181323862,real,188.212805549,0.00823265100181,0.248157483457,0.228552775415,0.248237811383,0.268113557399,0.00780798098358,0.00822931010191,0.00863289488469,96179,0.0998314553639,-0.0223543018839,0.0972860943934,0.213476573576,0.00798601792107,0.00774291582819,0.00798424757792,0.00822242455521,0.761057417334,0.745792607354,0.76144844383,0.776730401639
116,0.00785465896764,0.00774209277365,0.00785568424008,0.00796666140594,real,22.7781952518,0.00785427210316,0.257516379145,0.253828866509,0.257546545263,0.261681077479,0.0077898231336,0.00785484386555,0.00791733093069,3299040,0.0575296886503,0.0390389570608,0.0573404298731,0.0768984748877,0.00771706791432,0.00767766500082,0.00771712848054,0.00775980113408,0.747524422639,0.744942751869,0.747550186848,0.75013040472
117,0.00783523661482,0.00744573740767,0.00785120656476,0.00823667633261,real,-140.854577155,0.00801162397917,0.251843178893,0.239547208042,0.251857747585,0.263753542517,0.00779039681076,0.00801185432344,0.00825876976472,227728,0.0665974437239,0.00196518793011,0.0657677851393,0.139871237305,0.00784999200326,0.00769634848793,0.00785170902757,0.00800116582015,0.746252986537,0.737253133106,0.746414812996,0.75552018949
118,0.00717896436875,0.00707627569396,0.00717974657295,0.00728193321903,real,-0.496752666086,0.00724921220386,0.25186772,0.248339362665,0.251880996022,0.255310856972,0.00718742816385,0.00724912963245,0.00731312159319,3750433,-0.0502324943485,-0.0692645092093,-0.0499291830316,-0.0314476193337,0.00736352436871,0.0073225352199,0.00736341082615,0.00740434946185,0.749640013004,0.746847197511,0.749666845912,0.752195269103
119,0.00775659342905,0.00765598552115,0.00775692127302,0.00784745916157,real,14.8865227305,0.00778386406044,0.256007787784,0.252582347454,0.255947640623,0.259312400772,0.00772384363233,0.00778335798844,0.00784145404305,3913419,0.0354078761642,0.0188405217336,0.0352198925913,0.0533730701815,0.00769961024741,0.00766304266978,0.00769986536042,0.0077375900776,0.74768495669,0.745146377031,0.747707162415,0.750086190825
120,0.00770317646146,0.0075866455463,0.00770420785761,0.00781436342314,real,28.9408845232,0.00778783474519,0.247669974019,0.244025542992,0.247671646469,0.251390630222,0.00771617461605,0.00778749996848,0.0078557413693,2900912,0.023767345169,0.00177990590306,0.0237895261522,0.0443017584806,0.00773104840197,0.00768807536353,0.0077310747009,0.00777566871422,0.75085520649,0.748218265077,0.75086479835,0.753713906058
121,0.00723348256668,0.00713529041557,0.00723201301243,0.00733049102765,real,-0.333850548519,0.00723724066098,0.251915296055,0.248502680784,0.251963144704,0.255620771678,0.00718115754862,0.00723715076744,0.00729584743529,3614844,-0.0577234489711,-0.076135820455,-0.0581141272811,-0.0396901831337,0.00736869202887,0.00732813340447,0.00736893313959,0.00740827287359,0.751383201715,0.74866448729,0.751298246528,0.754133111104
122,0.00776563103774,0.0076591473392,0.00776554954509,0.00787342048863,real,27.2646226618,0.00777533327068,0.254713436167,0.250832222396,0.25461140724,0.25853291913,0.00771015534784,0.00777593908347,0.0078401936067,2917134,0.0309543571336,0.0100340354449,0.0309502733147,0.0509677930257,0.00770165647275,0.00765815052533,0.00770259733958,0.00774338464921,0.749224348382,0.746476440252,0.749172122121,0.751981133921
123,0.00758395895164,0.00749224724741,0.00758325797145,0.00766808424316,real,6.95740818617,0.00761867762604,0.253040956441,0.249952555868,0.252999537647,0.255955647187,0.0075599805418,0.00761708968255,0.00767248444227,4288544,0.0119956232451,-0.00415694348796,0.0116810488832,0.0303560516169,0.00759053818354,0.00755373224994,0.00759042300348,0.00762296509115,0.74901628969,0.746790433951,0.748981396249,0.751227317163
124,0.00787618064547,0.00766954066496,0.00787923035157,0.00808427961633,real,-78.7313302702,0.00810610158679,0.253359767059,0.246727461589,0.253438459144,0.260584326942,0.007991247496,0.00810416342858,0.00823006377249,841101,0.0848792311998,0.0482577722066,0.0849385377181,0.121805283359,0.00789888327584,0.00781704692225,0.00789484546389,0.00797735043247,0.743862768309,0.738339249573,0.743784185621,0.748882073808
125,0.00702632940429,0.00692644054272,0.0070305063428,0.00712227220907,real,-0.122129212863,0.00708370522999,0.247373654279,0.243666423156,0.247396688232,0.250785569032,0.00702531876427,0.00708300682017,0.00714643691643,3486992,-0.0743410604254,-0.0933388580239,-0.0745580170758,-0.0546618390759,0.00725027898994,0.00721011225692,0.0072510454554,0.00728856396912,0.752559787639,0.749848525514,0.752586647609,0.755458333882
126,0.00760000011612,0.00750371036489,0.00759942872506,0.00769587349048,real,-10.2434668153,0.00766295968973,0.251016553366,0.247879900622,0.251006317669,0.254342688256,0.00760280895129,0.00766250458431,0.00771895262862,4206247,0.00570729202933,-0.0118889160123,0.00564425733066,0.0239405901808,0.00764946752839,0.00761342116598,0.00764837351968,0.00768626504614,0.74963603931,0.747289918092,0.749626939697,0.75193263264
127,0.00770365927677,0.00760832553067,0.00770297221605,0.007803296954,real,19.0038959018,0.00777859907424,0.250421785646,0.247066607116,0.250387663851,0.253766481666,0.00771419320555,0.00777883075644,0.00783387359315,3614439,0.030359778734,0.0123789742077,0.030476572426,0.047931800759,0.00770629445014,0.00766608142307,0.00770610002816,0.00774491021347,0.749316596708,0.746831247038,0.749398259335,0.751921944215
128,0.00752850477262,0.00743720957501,0.00752656286307,0.00762192660353,real,4.63174562452,0.00754272554707,0.251932424098,0.248796119395,0.251755903093,0.254718048984,0.00749061931435,0.00754377171105,0.00760122712658,4190670,-0.00652201711747,-0.0230214230234,-0.00671867656426,0.00938307741055,0.00755795929892,0.00752291188932,0.00755856614075,0.00759737235098,0.750918512425,0.748682962668,0.750941233028,0.753399647467
129,0.00764683933688,0.0075525765214,0.00764825829627,0.00774479738528,real,9.61399327391,0.00765743767301,0.252960871258,0.249706779998,0.252936909483,0.256250684279,0.00759677405225,0.00765848525391,0.00771679925812,4240971,0.0108861670073,-0.00610520819811,0.011044063394,0.0275863902091,0.00763176210972,0.00759513920163,0.00763258547828,0.00767249933737,0.750465412136,0.748056278036,0.750468256051,0.752816524507
130,0.00800816237371,0.00780796142821,0.0080075986191,0.00819817705981,real,70.0536089394,0.0079300819207,0.255815924638,0.249384687313,0.255718187961,0.261642697682,0.00781680829467,0.00792831967057,0.00804237662599,1013624,0.0344352365078,-0.0012215609161,0.0337415946341,0.0672344532198,0.00784657247587,0.00776968819497,0.00784714522924,0.00791962865735,0.750625853884,0.746358045787,0.750701972736,0.755472811435
131,0.00780136022868,0.00764932489876,0.00780402145621,0.00795633045573,real,-55.4287466323,0.0079041177311,0.2524760543,0.247517710968,0.252556409238,0.257916247741,0.00781002904677,0.00790552251231,0.00799901096367,1508213,0.0550358513901,0.0266272790962,0.0540879823366,0.0815629907483,0.00777192336769,0.00771541763296,0.00777463954063,0.0078344627713,0.746766658023,0.742832660726,0.746841056333,0.750405135319
132,0.00773486954196,0.00740780199556,0.00773117228487,0.00807752474113,real,125.415546026,0.00778773618226,0.244537270898,0.233726021358,0.244208639085,0.255250246069,0.00758231415223,0.00778810439549,0.00798891436974,329938,-0.0260318651529,-0.0839718920593,-0.0259596521272,0.0292436175656,0.00785091433145,0.0077192130376,0.00785194553095,0.00798999414542,0.753495408092,0.745209532833,0.753549343552,0.761715492657
133,0.00791529373956,0.00779363639989,0.00791691550174,0.00804763030965,real,-34.5900771378,0.00782960217453,0.256088121321,0.252058077963,0.25610695997,0.260032908542,0.00775745660959,0.00782814864847,0.00790934618212,2533492,0.0340118609745,0.0126192632176,0.0340582000392,0.0561801384872,0.00774815877129,0.00769915218437,0.00774758301675,0.00779508690115,0.751387990432,0.748512507849,0.751528447541,0.754351903548
134,0.00762835077734,0.00753480976558,0.00762796724738,0.00772060560883,real,-10.9102719178,0.00765077780061,0.25392332126,0.250932237437,0.253880515103,0.257058621649,0.00759519715295,0.00765046873564,0.00770968983853,4132407,0.00552482636732,-0.0112629644161,0.00534232171383,0.0221995803142,0.00763773701468,0.00760153899332,0.00763726942008,0.0076765641679,0.748960215441,0.746704744013,0.748946408892,0.751294306033
135,0.00777191527324,0.007672642455,0.00777291800938,0.00787489059901,real,-16.8267312467,0.00775770650868,0.256252192945,0.252826056226,0.256185767235,0.259798414395,0.00770116045954,0.00775773888296,0.00781528023475,3758272,0.025110521356,0.00835497250483,0.0251470153981,0.0424350355863,0.00769796815424,0.00766038750179,0.00769839373931,0.00773682527487,0.749057954307,0.746779307538,0.749056490237,0.751536899836
136,0.00759262457092,0.00749435874356,0.00759410871618,0.00769164412728,real,6.51190699039,0.00766464744893,0.251795334873,0.248745217174,0.251815283431,0.254957889023,0.00760943742119,0.00766463977238,0.00772121783406,4414079,0.0122024317582,-0.00494722886896,0.0124495084279,0.028476670145,0.00763585201454,0.00760080246534,0.00763544551986,0.00767467563167,0.749115539913,0.746753133199,0.749118323986,0.75138373103
137,0.00769367957458,0.00758031882442,0.00769056638575,0.00780088761758,real,-25.6822075212,0.007746039485,0.254446956195,0.250912571911,0.254533162566,0.258463859756,0.00767660676105,0.00774288923388,0.00780514366874,3126789,0.0203997059188,-0.000311449949799,0.0192648553613,0.0402485909199,0.00769751085667,0.00765424388471,0.00769501526915,0.00773764184391,0.74783624594,0.745233064157,0.747844841271,0.75050665667
138,0.00773914580559,0.00764787263262,0.00774214500061,0.00782946329145,real,-9.01976125955,0.00768730272415,0.256006816135,0.25294213957,0.256000983887,0.25938523347,0.00763539269537,0.00768747906797,0.00774488220591,4282938,0.0101741847991,-0.00526562718228,0.00963278165149,0.0270249022806,0.00766320754132,0.00762917037668,0.00766393861845,0.00770266220213,0.751016679332,0.748701061318,0.751066013674,0.753438595521
139,0.00756211651838,0.00746717059007,0.00756603183893,0.00765688780011,real,-3.73782185846,0.00753331812417,0.254343097531,0.251384340767,0.254422359334,0.257546150685,0.00748018326093,0.00753420285252,0.00758836572674,4182394,-0.00732123100347,-0.0246931809533,-0.00719520080168,0.00916702706793,0.00755040153497,0.00751709227101,0.00755092110136,0.00758713720166,0.750963895793,0.748468030518,0.750970568385,0.753491639269
140,0.00756269926261,0.00746672649713,0.00756106275469,0.00765925185212,real,7.42933027822,0.00765650631761,0.253209165683,0.250144917808,0.253166476253,0.256378611286,0.00759708227036,0.00765577432324,0.00771385113864,4382901,0.0236906807768,0.0068114832959,0.0233747049212,0.0413389466121,0.00760085698443,0.00756407184941,0.00760087300483,0.00763742259083,0.746498573353,0.744148491839,0.746453846232,0.74876183265
141,0.0082091032912,0.00772768540225,0.00821337485887,0.00876620267474,real,-177.619591131,0.00815947350376,0.273992116608,0.25592787271,0.273994463563,0.293337643004,0.0078473079952,0.00815588407086,0.00846635236004,142069,0.0979016816778,0.00769749759928,0.0978928405054,0.179398840683,0.00791969435895,0.00771169369297,0.00791765989167,0.00813010247366,0.737463688981,0.725864242045,0.73761337701,0.749720775122
142,0.00757987507003,0.00748590029586,0.00758056619005,0.00767800738382,real,-5.31954628469,0.00757538523919,0.254908632532,0.25174274087,0.254858945661,0.258127407363,0.0075190620025,0.00757547406015,0.00763394497576,4286963,0.00377082016969,-0.0128803473007,0.00388547620052,0.0215564836479,0.00756656754821,0.00752958440089,0.00756615597063,0.0076033268122,0.749628352995,0.747164610473,0.749627301564,0.752009766355
143,0.00723411959511,0.00713643080193,0.00723432590253,0.00733926579186,real,-0.884671997202,0.0072627733858,0.252042119609,0.248607378402,0.251978161845,0.25559553394,0.00720615126588,0.00726278651736,0.0073249248841,3650775,-0.063198905762,-0.0801809517977,-0.0625033594614,-0.0431020889045,0.00740745074414,0.00736580324634,0.00740792411824,0.00744752198248,0.751160831219,0.748636124452,0.75105898174,0.753671177782
144,0.00758020701,0.00749011505968,0.00758373360361,0.0076758369477,real,-7.42933027822,0.00756873591719,0.252145450643,0.249196822178,0.252125650089,0.255407593332,0.00751309359098,0.00756936033181,0.00762552224713,4313425,-0.0193773916938,-0.0349411058397,-0.0195727979431,-0.00158811254073,0.00761433407054,0.00757798054874,0.00761464795474,0.00765061248706,0.751707104531,0.749474953015,0.751771424073,0.754222963254
145,0.00790648058216,0.00775218489531,0.00790467120861,0.00807572005159,real,58.7753101791,0.00785511450377,0.252811222461,0.24743690764,0.252776215907,0.258533315246,0.00775311719221,0.00785574339969,0.00795755925785,1360922,0.0224106972865,-0.0080101987597,0.0225529081847,0.0523241169511,0.00780108238429,0.00773855422873,0.00780002652362,0.00786769527703,0.752546202187,0.748550349878,0.752571711844,0.75690800631
146,0.00739406556396,0.00729907793684,0.00739224599652,0.00748804299403,real,2.35312791513,0.00742158893958,0.249890968835,0.246452736989,0.249830554963,0.25288140038,0.00736046913912,0.00742061740772,0.00748212129981,3851542,-0.0232120602861,-0.0423997016014,-0.0232838985089,-0.00638721825727,0.00747521288047,0.00743799905503,0.00747454509793,0.00751438398327,0.751651746986,0.749162551912,0.751749987287,0.754237654003
147,0.00768217297789,0.00756808280113,0.00768781019095,0.0078214774367,real,-41.305149325,0.00776661851277,0.251147619818,0.247054856208,0.251428877938,0.255958519194,0.00769402379802,0.00777031461543,0.00784754580668,2149550,0.0246967750765,0.0036129697727,0.0253937905182,0.0466812004158,0.00770778832349,0.00766009960607,0.00770815002513,0.00776239591747,0.749168864204,0.745925896615,0.74915963124,0.752277267988
148,0.00751975601567,0.00742062998155,0.00751739076062,0.00761709064419,real,-4.0188031467,0.00757402064373,0.253352240161,0.250182775679,0.253258716398,0.256487421154,0.00751632253984,0.00757294930927,0.0076323101171,4127208,0.0129240754831,-0.00408295885893,0.0127558319438,0.0299244260891,0.00754388951609,0.00750776514893,0.00754365818408,0.00758227991562,0.748470664184,0.745945785137,0.74851318214,0.750844667621
149,0.0081071503744,0.00788834435718,0.00809739690009,0.00831091892477,real,-83.4598769657,0.00807110098358,0.264231138757,0.256509246581,0.264137619159,0.271329522207,0.00793135705549,0.00807296982546,0.00821693657912,745521,0.0717852658321,0.0312696912067,0.0715203789065,0.107593282084,0.00789591262203,0.00780727525009,0.00789852722907,0.0079893443609,0.742572326254,0.736961218009,0.742515278173,0.747872752102
150,0.00803467401499,0.00788157700561,0.00803352446406,0.00818271378463,real,52.2695428422,0.0080215189089,0.261081259374,0.25635607859,0.261114378495,0.266126225697,0.007925028633,0.00802215556337,0.00812080867187,1614162,0.0699952156026,0.0426721179876,0.070391287801,0.0965639707023,0.00785166839852,0.00779240753268,0.00785155684396,0.00790950124702,0.744798331037,0.741141967808,0.744794528185,0.748325268385
151,0.00784090267042,0.007716386627,0.00784477275525,0.00797463453911,real,38.9366652443,0.00786319868485,0.255467755571,0.251227431052,0.25541018047,0.260063042168,0.00778573706101,0.00786466636489,0.00793918283443,2224117,0.0462531103765,0.0246013627733,0.0465917618925,0.0702099210927,0.00775238190735,0.0077034627375,0.00775267957652,0.00780404741977,0.747693135862,0.744599830255,0.747667293268,0.750809438343
152,0.0077826394721,0.00763845906539,0.00778008306499,0.00792946335634,real,46.4718439121,0.00780508724824,0.257953879527,0.253287359656,0.257900153336,0.262374211015,0.00771949865702,0.00780177616232,0.00789068589436,1852456,0.0281232353195,0.00385822521783,0.0268193495931,0.0532292254099,0.00773783325452,0.00768550703165,0.00773744450845,0.00779006240668,0.74714045608,0.743855457982,0.747176869623,0.750642821817
153,0.00790835361242,0.00760856485528,0.00790806432883,0.00820290144238,real,111.656853219,0.00804279064643,0.258864587113,0.249166784945,0.259035404824,0.268213899029,0.0078619812521,0.00804674680331,0.00822916152863,403230,0.0524353067241,0.00219169090628,0.0525234316405,0.105899131239,0.00791450904927,0.00779253143573,0.00791479441936,0.00803592623158,0.742612038484,0.73556150876,0.742423364188,0.749316701138
154,0.00774838282932,0.00750454603759,0.0077544706048,0.00797869215457,real,93.774895258,0.00783232112945,0.25298963668,0.244185110726,0.253151878034,0.261613837605,0.00768651027343,0.00783701134061,0.00798925071784,563126,0.0372045880232,-0.00700492330694,0.0359148244557,0.0810292424499,0.00774327620957,0.00765503852448,0.00774323481379,0.00784910202289,0.748300044633,0.742447338587,0.748202946216,0.754129808511
155,0.00739583901865,0.00729373278547,0.00739430766769,0.00749678267721,real,0.884671997202,0.0073268471268,0.251685755414,0.248230838057,0.25157324478,0.25521814534,0.00726588596317,0.0073248237092,0.0073888689237,3558344,-0.0502549908355,-0.070641958383,-0.0508065379861,-0.0318761280663,0.00744243621167,0.00740355445336,0.0074417517851,0.00748138716754,0.754017804658,0.751345860786,0.754049905063,0.756771369494
156,0.00787775680606,0.00775122221062,0.00787696218237,0.00801205205298,real,43.814098735,0.0079179177323,0.257293083113,0.252608961125,0.257408665905,0.261553802737,0.00783847318859,0.00791564562771,0.00799671878721,2009108,0.071464921724,0.0464864998141,0.0715292223586,0.0952084772281,0.00774681858034,0.00769707175407,0.00774684838659,0.00779843337906,0.746026618122,0.742845101972,0.745971856825,0.749160309332
157,0.00798850353427,0.00762546010975,0.00797893829081,0.00833111797253,real,-299.000514822,0.00774928247047,0.259374653858,0.247840531227,0.259528997516,0.270478598572,0.00753373135079,0.00774563529036,0.00795425904753,302262,-0.0153336632882,-0.0825113549432,-0.0148737733321,0.0456260202982,0.00778619090289,0.00764530636216,0.00778631629893,0.00792379912707,0.754115061876,0.746272969976,0.754042331714,0.762516040627
158,0.0077580579033,0.00747141371018,0.00775410270812,0.00805718049941,real,-105.349678615,0.00797250548637,0.246131004755,0.237323022318,0.245738571165,0.254886213545,0.00780729682004,0.00797189155224,0.00814362292591,449080,0.0646824407656,0.0178662029106,0.0642348819,0.115753405353,0.00781623009646,0.00769840943654,0.00781807565112,0.00792403337123,0.746540148483,0.739788473347,0.746570035976,0.753871404999
159,0.00789572189339,0.00777668491355,0.00789614062508,0.00802740546219,real,30.7165587793,0.00783280477623,0.255806863839,0.252110682459,0.255929984198,0.259925260274,0.00776332572211,0.00783316304808,0.00790855513834,2750860,0.0355942703445,0.0164105796003,0.0357959521736,0.0579350224371,0.00774757884939,0.00770416563825,0.00774756355553,0.00779304204556,0.750934026626,0.747958071371,0.750938674267,0.753784915179
160,0.00823957918356,0.00736397651004,0.00820766295381,0.00922222354182,real,-251.381604468,0.00828922305652,0.272713445567,0.244639082134,0.27248719584,0.303580044637,0.00770717399037,0.00827824751527,0.00882918274426,49144,0.131297439673,-0.0223917788747,0.130557315875,0.277346723106,0.00796537413642,0.0076015793194,0.00795809048926,0.0083165035858,0.73305013524,0.713362177801,0.732622840097,0.753163167819
161,0.00766240605099,0.00756533965137,0.00766209899934,0.00776083957594,real,13.1574807504,0.00770943189303,0.254261589725,0.251205459974,0.254296387606,0.257559697803,0.0076556272189,0.00770935144828,0.00777102133424,4020815,0.0239463285059,0.00756350513085,0.0239849405058,0.0420664644777,0.00765279754955,0.00761595977297,0.00765297312158,0.00769067302541,0.748065229521,0.745634654632,0.747934130255,0.75055171996
162,0.0076481985071,0.00755652839405,0.00764744669139,0.0077444026939,real,5.69433333014,0.00761261014613,0.252031910107,0.249025923366,0.252048476948,0.255113560682,0.00755887560028,0.00761353670928,0.0076693008181,4384091,0.00876886846708,-0.00725343465577,0.00875908268895,0.0246428543898,0.00759203600631,0.00755766021649,0.00759359462201,0.00762772050009,0.751900800822,0.749704353908,0.751870362239,0.754298591081
163,0.00793645175866,0.00722108378057,0.00790888136774,0.00869932422285,real,211.321216554,0.00785664464607,0.252853918123,0.229129488513,0.253621810818,0.279926774274,0.00742249889323,0.00785125338782,0.00826515887008,64603,0.0394192262707,-0.0882806882161,0.0373817277305,0.166393743246,0.00776194075843,0.00745686104906,0.00775930512489,0.00805294728959,0.750157658102,0.730948708995,0.74988155061,0.767888312511
164,0.00733849433793,0.00724614082421,0.00733936002808,0.00744297616296,real,0.679549891045,0.00731192402652,0.250471561536,0.247322174703,0.250507648009,0.254007188284,0.00725655015035,0.00731103472245,0.00736910992961,3809689,-0.0410265369247,-0.0598268119347,-0.0412440827977,-0.0220844640344,0.00740582279379,0.00736847016651,0.00740550415659,0.00744527713661,0.75326237047,0.750845876967,0.753313058653,0.755871886696
165,0.00768513789077,0.00758866462912,0.00768715276526,0.00778666170946,real,15.8286889318,0.00776130264539,0.251608020875,0.248112687038,0.251650533316,0.254913822995,0.0076969978318,0.00776111953991,0.0078200862605,3828367,0.0259441626968,0.00796031433239,0.0259057945151,0.0420715562174,0.00769956824579,0.00766146121193,0.00770053019241,0.00773714386752,0.748410142384,0.74603072028,0.748469631303,0.751061622509
166,0.0074760177552,0.00737817499587,0.00747713780315,0.00757481435428,real,2.98579010116,0.00742611010535,0.253563344764,0.250437774593,0.253518725825,0.256823018283,0.00737020751515,0.00742639349704,0.00748238938901,4080425,-0.0258161295911,-0.0437829925381,-0.0257889435954,-0.00794955201206,0.00748583455392,0.00745040380506,0.00748536824679,0.00752269193106,0.751896605626,0.749385910165,0.751903619927,0.754339583631
167,0.00741970499202,0.00731612327083,0.00742129097709,0.00751877213368,real,1.98818342549,0.00740035319279,0.252094230849,0.248948788389,0.252109593941,0.255632051264,0.00734193849957,0.00740174660186,0.00746096408169,3923326,-0.0342914439878,-0.0524612428321,-0.0334492543687,-0.0157840250807,0.00747961911284,0.00744250331283,0.00747983438667,0.007519080921,0.752485761318,0.749980557671,0.752430569788,0.755004724515
168,0.00739865486536,0.00730092883134,0.00739880672553,0.0074956066621,real,-2.16540064756,0.00739627003231,0.251243979475,0.247981888366,0.251128520188,0.254580507876,0.00733594050029,0.00739599279899,0.0074527273094,3929228,-0.0323410773942,-0.0496118849102,-0.0325943381011,-0.0148310036665,0.00747094087074,0.00743325405428,0.00746947346811,0.00750786954602,0.751883294584,0.749402541749,0.751904589133,0.754506584396
169,0.00778074938935,0.0076800794072,0.00778419614335,0.00787728357298,real,17.8839634645,0.00773538723916,0.25394838163,0.250570744958,0.253988064986,0.257175795728,0.00767597937067,0.0077368128317,0.00779491601545,3625957,0.0237215932682,0.0068514424968,0.0236167780265,0.0421777512966,0.00767909149384,0.00764072953723,0.00767909691211,0.00771830811361,0.751229376794,0.748958989475,0.751207105809,0.753834833331
170,0.00749148014798,0.00739995341907,0.00749162651265,0.00758350070438,real,-3.47257150886,0.00749745046366,0.250586087242,0.24739771482,0.250504556855,0.253761907845,0.00744157619631,0.00749882347038,0.00755774473198,4228205,-0.0121802269389,-0.028512833515,-0.0118907554784,0.00613635464152,0.00752577919959,0.0074907981127,0.00752619631601,0.00756112776033,0.752534184172,0.750116593082,0.752559648773,0.754874677972
171,0.00775854912092,0.00763086013498,0.00775883740276,0.00788284162888,real,36.7007824411,0.00780888373724,0.254676255106,0.250494366476,0.254634596587,0.258620383957,0.00773263876025,0.00780798198193,0.00788268912491,2341963,0.028098612387,0.00536718720302,0.027733328972,0.0500415339929,0.00774165620052,0.00769004384471,0.00774056921852,0.0077901772539,0.747866880596,0.744601965806,0.74790658229,0.751042965993
172,0.00783974320574,0.0069198572096,0.00784157110834,0.00887486248594,real,266.34934924,0.00779878341458,0.263260191593,0.230668361688,0.263413949549,0.295582500251,0.00729751538465,0.00781175860248,0.00834908340862,39762,-0.0295049895207,-0.173068802261,-0.0246944531986,0.124989745787,0.00787072967779,0.00752091125958,0.00786316145022,0.0082437130371,0.74852662759,0.726489142363,0.748271291775,0.769139686248
173,0.00790227495655,0.00772822844852,0.00790097961255,0.00807013472133,real,-62.3203450413,0.00784469023808,0.253151243484,0.247241576898,0.252852258903,0.25896301694,0.00773873894203,0.00784687236174,0.00794778283929,1258765,0.0134433751756,-0.0185410657211,0.0140576645893,0.0446282078597,0.00781223178867,0.00774391492544,0.00781257843103,0.00787676882356,0.752027667043,0.747786658706,0.75211169877,0.756146709605
174,0.00736977640358,0.00727206096378,0.00736854087101,0.0074715994155,real,-1.51387077725,0.00741619208498,0.251363167435,0.248076184175,0.251296630027,0.255078380143,0.0073570836079,0.0074161076493,0.00747355841842,3653459,-0.0154747656672,-0.0331860592196,-0.0149503581087,0.00143544665733,0.00745182974331,0.00741191906664,0.00745092557248,0.00749058212856,0.750206451205,0.747463522009,0.750147898401,0.752926610996
175,0.00749192137316,0.0067413237319,0.00747882587566,0.00831230148502,real,-266.34934924,0.00777020446144,0.254579528276,0.228873913472,0.254232118172,0.282466758559,0.00728341680409,0.00776259114181,0.0082781523461,49969,0.00470555103631,-0.140323731901,0.00321315859543,0.151726536457,0.00775889872179,0.00742376472815,0.00775965745272,0.00810160614064,0.736902870115,0.717237976183,0.736971709783,0.756226447413
176,0.0078813100839,0.00724350585159,0.00786369467754,0.00850092712568,real,223.913139748,0.00772746533891,0.248378112206,0.224963593366,0.247914005948,0.269947766168,0.00735447109878,0.00772454283521,0.00809993212697,84506,-0.0626492936415,-0.175732903254,-0.0622567413064,0.0432994340135,0.00788021344877,0.00762161930881,0.00787422593508,0.00812677548692,0.761733491282,0.745624674386,0.761611833244,0.779482136246
177,0.00751867410071,0.00742696356232,0.00752072954186,0.00761238178937,real,2.16540064756,0.00745371991563,0.254768930251,0.251451238823,0.254690215073,0.258363389705,0.00739716219418,0.00745400810442,0.00750946956352,3920738,-0.0232665761102,-0.0413041807379,-0.0231329396874,-0.00596396735324,0.00750770338559,0.00747116187501,0.00750822950184,0.00754629838244,0.752244285489,0.749760413533,0.752274609732,0.755019647699
178,0.00760157890688,0.00750531987663,0.00759982027502,0.00769737429982,real,11.6166225672,0.00766469461765,0.251723996239,0.248579492692,0.251757682398,0.254774032083,0.00760588620511,0.00766519810708,0.00772262132283,4108356,0.00656751969367,-0.00952049101352,0.00635131282209,0.0243690038908,0.00764916945551,0.0076098274963,0.00765015865542,0.00768776235907,0.74946510566,0.747057476523,0.749424370495,0.751618487231
179,0.00753586607294,0.00744301341574,0.0075387631111,0.00762948199426,real,4.96574196038,0.00752591438549,0.251980749523,0.248929488213,0.251935581865,0.254938099374,0.00747064057262,0.00752629447679,0.00758315106327,4395184,-0.011934829441,-0.0284155227826,-0.0118186721199,0.00554074033781,0.00755377560966,0.00751693932595,0.00755405044376,0.00759253620509,0.751679128497,0.749309647717,0.751777000739,0.754043995096
180,0.00778339763216,0.00768675959043,0.00778264504811,0.00787883069798,real,12.3648640521,0.00773657013599,0.256601742243,0.253458697318,0.256640353001,0.259791544024,0.00767617606267,0.0077371811649,0.00779290939394,4083230,0.0251020013468,0.00752721702129,0.0253129235751,0.0420988901241,0.00767701472473,0.00764187086187,0.00767758657258,0.0077165298004,0.748981078758,0.746601879376,0.748975437612,0.751337280619
181,0.00757848922227,0.00748623582549,0.00757858345104,0.00767986017752,real,-8.45879775006,0.00757670311823,0.2512938303,0.248131499898,0.251403623544,0.254443971455,0.0075188980867,0.00757769647777,0.00763053054431,4263793,-0.00834939777842,-0.0251461098502,-0.00862103663607,0.00853310048786,0.00759630409209,0.00756135616225,0.0075971337577,0.00763186883061,0.752196582649,0.749927675324,0.752201478742,0.754519169145
182,0.00764410844104,0.00754830314267,0.007645040881,0.00774013457876,real,13.9971043788,0.00769849078505,0.251202152688,0.247983770134,0.251200361058,0.254509150032,0.00764221218706,0.00769840294122,0.00775574326138,3972733,0.0180982660378,0.000515333815909,0.0176856746985,0.0343264755115,0.00765567133468,0.00761951482802,0.00765584289526,0.00769185559035,0.749223103473,0.746703592563,0.749224353172,0.751676381477
183,0.0075423261364,0.0074516639394,0.00754375904124,0.00764249958875,real,2.55198853704,0.00746382516645,0.25549198612,0.252422833379,0.255567186934,0.258876363735,0.00740484396456,0.00746496058856,0.00752138061267,4010267,-0.0186638460537,-0.0362096606223,-0.0189087846823,-0.000658443770871,0.00750712595458,0.00747150241432,0.00750825364208,0.00754322544206,0.75217398594,0.749571106823,0.752160445998,0.754692210562
184,0.00778431582582,0.00718754421741,0.00777781768943,0.00840802073321,real,199.434261197,0.00763695443276,0.256390762327,0.236482064842,0.256763182245,0.275854959721,0.00728860942584,0.00765311577291,0.00800749897042,96640,-0.120957601487,-0.226275905474,-0.120248997087,-0.0190282617328,0.007933827183,0.00769587142266,0.00794456298727,0.00818176285242,0.758602436763,0.74485531977,0.758411963927,0.77116394967
185,0.0077668368347,0.00764350472409,0.00776754887451,0.00788739580778,real,34.5900771378,0.00784384041267,0.251645537184,0.247565560861,0.251573489287,0.255416583401,0.00777260681013,0.00784360669745,0.00791826680011,2501390,0.0276925827612,0.00544694867058,0.0272784024502,0.0480797572265,0.00777727964215,0.00773081962292,0.00777743677108,0.00782565926235,0.749270143388,0.746530130065,0.749303466981,0.752261872235
186,0.0077204145618,0.00761423630353,0.00772026100056,0.00782789952005,real,-20.1902470582,0.00773480453244,0.250667568045,0.247246831235,0.250559224155,0.254008655356,0.00767322919287,0.00773467687262,0.00780072264295,3467679,0.0266621881911,0.00900886398071,0.0270106642092,0.0453207875673,0.00767159192121,0.00763329886044,0.00767132183732,0.00771038378358,0.750905738246,0.748388197978,0.75085196296,0.753403124569
187,0.00753055411535,0.00743370194426,0.00752799097853,0.00761962995125,real,-4.31644831272,0.00758112864279,0.25418194539,0.251166780778,0.254196088771,0.257319817844,0.00752545098734,0.00757956104671,0.00763470064744,4276479,0.0114402601423,-0.00489033547702,0.011847508749,0.0287019207728,0.00755441966973,0.00751633925164,0.00755326823457,0.00758894878737,0.747797568025,0.745287254465,0.747776006806,0.750257828747
188,0.00722474092374,0.00712450916865,0.00722022157815,0.00733211237754,real,-0.585519087632,0.00727394946938,0.251047782713,0.247546079444,0.251028241808,0.25477527319,0.0072077526089,0.00727253092398,0.00733483887674,3578998,-0.0430526526974,-0.0630647166009,-0.0431664574937,-0.0244986225971,0.00737203612447,0.00733077009825,0.00737049831623,0.00741210049222,0.750563896447,0.747824144462,0.750574865624,0.75327632091
189,0.00761463698474,0.00715655987628,0.0076207864089,0.00809928920255,real,167.619445408,0.00791234719148,0.248392780542,0.232446259888,0.248424209838,0.263627111635,0.0076120404167,0.00791561169619,0.00824029007239,149060,0.0229140518824,-0.0603942537495,0.0246310913906,0.109688518818,0.00785667457969,0.0076752753121,0.00785746478285,0.00803944107181,0.744851797192,0.733378900548,0.744780670084,0.755760074396
190,0.00714290534516,0.00704381773569,0.00714226608946,0.00724471923988,real,-0.25917397036,0.00719918783677,0.252688618744,0.249261716238,0.252665153145,0.25614608516,0.00713665665563,0.00719902954756,0.0072564555962,3651010,-0.0551053764501,-0.0744948994238,-0.0554948368589,-0.0358610785248,0.00732391459281,0.00728617566254,0.00732375124927,0.00736321668671,0.749779338575,0.747244280845,0.749791972722,0.752308269726
191,0.00781838934244,0.00763863339059,0.00782197013356,0.00800664354745,real,66.0756217599,0.0079508742214,0.249591144,0.243747083814,0.249649047695,0.255339569465,0.00784458464348,0.0079526759015,0.0080549076637,1149993,0.0502211940538,0.0168489136632,0.0491047834107,0.08264261224,0.00782935070957,0.00776546660553,0.00783023828941,0.00789955551492,0.748445472284,0.74411706113,0.748436346269,0.75311427447
192,0.00741527602962,0.00731748202843,0.00741601859102,0.00751463425581,real,-2.98579010116,0.00747444244805,0.250977411187,0.247740904036,0.25096683895,0.254335809941,0.00741507176373,0.00747481263091,0.0075355722254,4055538,-0.013042508439,-0.0307503547482,-0.0128708184881,0.00517131961005,0.00750469171223,0.00746878634489,0.0075055181731,0.00754351863645,0.750503083444,0.74787852342,0.750464819188,0.752969719012
193,0.00751242579851,0.00742395702934,0.00751374043075,0.00760596664087,real,-7.92924018437,0.00761488244189,0.251181539026,0.24803161035,0.251259135611,0.254359549562,0.00756236368708,0.00761581689604,0.00767176586912,4376864,0.00112511951197,-0.0151520612717,0.00123213689477,0.0179393348437,0.0076122355833,0.00757685649781,0.00761217729466,0.00764861818946,0.748607612164,0.746294833207,0.748511404736,0.750870767149
194,0.00761188745324,0.00723628685247,0.00761206718077,0.00800936443442,real,-149.26740546,0.00786049877896,0.249865749745,0.236722378249,0.250120064185,0.263600483125,0.00761707509731,0.00786231240988,0.0081001253664,207810,-0.018257133071,-0.0862638098351,-0.0171748950099,0.0510665316798,0.00790512174993,0.0077446370452,0.00790753637871,0.00807810375847,0.745874403816,0.736372679446,0.745647660366,0.755222020902
195,0.0072401086047,0.00714414392989,0.00723727240447,0.00733506765731,real,-0.412955896217,0.00726356416891,0.251388921381,0.247732744006,0.251324372238,0.254743595298,0.00720669131748,0.00726192616426,0.00732536422574,3786212,-0.0438808314882,-0.0623486610104,-0.0447805411416,-0.0258829273291,0.00736342066452,0.00732745653752,0.00736400429131,0.00740355575982,0.751510577029,0.748985550797,0.751610603154,0.754081369713
196,0.00686698517154,0.00679808018244,0.00686822815943,0.00693706471772,real,-1e-12,0.00696731797861,0.245730087499,0.243332038952,0.245635141918,0.248449360438,0.00692698989161,0.00696759904113,0.00701509260606,7023696,-0.109058931143,-0.121002480158,-0.109097963208,-0.0946605341613,0.00721033288217,0.00718232805262,0.00721039651828,0.00723829207699,0.752136866559,0.750230722954,0.752189158371,0.75414616358
197,0.00692323605712,0.00682305646883,0.00692220953627,0.00702537104302,real,0.0593060052991,0.0069657581498,0.246842562037,0.243344249629,0.246753662423,0.250601784666,0.00690617059602,0.00696631584369,0.00702672859627,3597092,-0.108232077325,-0.126417039517,-0.108535695107,-0.0887319250018,0.00720681653594,0.00716970427423,0.0072073674213,0.00724446834238,0.754519932395,0.751703812793,0.754494151026,0.757219702475
198,0.00785779921253,0.00774755700109,0.0078566560894,0.00797130678173,real,-24.1883850254,0.00782054510726,0.256452253324,0.252967419925,0.256361404771,0.259914194907,0.00775169545713,0.00782172939426,0.00788590596236,3189752,0.0429068062564,0.0229334165568,0.0434127021613,0.0623033641907,0.00771820032236,0.00767481273024,0.0077178248399,0.00776345421392,0.748788856647,0.746020833569,0.748765611325,0.751623615378
