key,position,pi,pi_low,pi_up,xsi,xsi_low,xsi_up,pi2,pi2_low,pi2_up,fwh,fwh_low,fwh_up,thw,thw_low,thw_up,TD,TD_low,TD_up,sites
u.95001-96001,-96001,0.0077760692887,0.00757689706753,0.00801740982602,0.751768308813,0.741299675503,0.761890172048,0.289096319138,0.277466845503,0.29891567601,0.00788132010227,0.00756672265837,0.00815158943047,0.00792394280263,0.00776265765075,0.00808174239888,-0.0163029270354,-0.0747142038146,0.0463703271096,682180
d.65001-66001,65001,0.00785326494618,0.00767397277902,0.00802145633118,0.748062492556,0.741466123396,0.75570784547,0.291697115625,0.281403636211,0.300893801972,0.00786135823744,0.00758230274434,0.00815536555819,0.00796861636336,0.00780669359304,0.0081138850061,0.00153189876664,-0.0375936336404,0.0522271683898,1057406
d.60001-61001,60001,0.0079044997252,0.00770612675257,0.00811627223218,0.752471624423,0.7462906673,0.760619938018,0.295428826824,0.285716490929,0.304738864979,0.00809009177906,0.00785971614423,0.00836169132766,0.00799936159187,0.0078559014785,0.00815581373525,0.0126828298825,-0.0455974285313,0.059318070973,1190330
d.79001-80001,79001,0.00775290274878,0.00754402798399,0.00795312000672,0.752536652252,0.746568847946,0.762276092668,0.291206546723,0.280322704262,0.303323310438,0.00782354390444,0.00754327854187,0.0081561125761,0.00789972354572,0.00768229001625,0.00809798147344,-0.015979198523,-0.0719577028198,0.0261044966404,806001
u.45001-46001,-46001,0.0078351433565,0.00766746527124,0.00801187545783,0.748940851008,0.744406294455,0.754054136651,0.288919985086,0.281476880867,0.294920209062,0.00783654007882,0.00762973813569,0.0080968509679,0.0079275449924,0.00778322596923,0.00807333183507,0.0135476359879,-0.0287748146308,0.047994190153,1605262
u.53001-54001,-54001,0.00774452378392,0.00753942480311,0.00789924137215,0.745859482075,0.74009333387,0.753919640906,0.292161470021,0.284613873865,0.299094609407,0.00765809081885,0.00736530024554,0.00791998506544,0.00781712647682,0.00764833006679,0.00794456188838,0.0236379651026,-0.0276605334085,0.0735030167256,1415761
u.58001-59001,-59001,0.00753457240933,0.00732059897061,0.00769278108096,0.748154776461,0.740512034717,0.755182759916,0.293894344059,0.287178535692,0.300690063048,0.00758974573992,0.00733545884864,0.00791371226333,0.00768160551092,0.00753467992793,0.00782031142591,-0.018346159918,-0.0565065318637,0.0178198261068,1295439
d.48001-49001,48001,0.00783440714546,0.00762920149355,0.00803378904071,0.746606717104,0.740502371611,0.751834214836,0.288243919365,0.279261706202,0.299562296835,0.00782518204577,0.00759695786719,0.00819916777295,0.00787018372097,0.0077175550817,0.00799555782572,0.0438426634152,-0.00175201176654,0.100462074051,1500483
d.42001-43001,42001,0.00775315032698,0.00756552516361,0.00794518592073,0.754917766671,0.749131429148,0.760240778162,0.285854136668,0.277600809593,0.29528217958,0.00779585228993,0.00761501886293,0.00801222353178,0.00790846445807,0.00776393159201,0.00802670900314,-0.0204685923786,-0.0523662938606,0.0291761017687,1680189
u.92001-93001,-93001,0.00777386068617,0.00756353361836,0.00804934100159,0.754622609595,0.745330578512,0.763529388019,0.281149574697,0.269608895417,0.290980834903,0.00783131890284,0.00744141707409,0.00816259766508,0.00793552044449,0.00772701030278,0.00811426612918,-0.0235890589299,-0.0955029007321,0.0387893268405,713562
u.89001-90001,-90001,0.00764807189935,0.00739029531373,0.00792155230857,0.755497193568,0.745605237108,0.765435330989,0.285745045574,0.275535112615,0.296926872354,0.00781869770024,0.00743019501661,0.00823580805195,0.0078582126605,0.00767360855348,0.0080879914383,-0.0507294082974,-0.132711318116,0.0188006672112,741481
d.87001-88001,87001,0.00764148156269,0.00739371894126,0.0078997190989,0.747121013543,0.739335419015,0.755300627927,0.278656200892,0.265727610533,0.293140172008,0.00738650757873,0.00708840484392,0.0077632665797,0.00778034928741,0.0076012741861,0.00798374580514,-0.0128386209832,-0.0842380258424,0.0371378900627,695138
u.40001-41001,-41001,0.00770930508388,0.00753497821914,0.00783669880635,0.752302050739,0.746493960532,0.756915083328,0.286088746774,0.277545788665,0.29359613304,0.0076970510438,0.00745809126893,0.00793283263605,0.00786387945228,0.00774027296438,0.00799861413717,-0.0205422389509,-0.0576941360723,0.0219966157775,1766120
u.6001-7001,-7001,0.00762310030919,0.00753177475795,0.00770607082012,0.750738000604,0.748314169392,0.752978358952,0.288796542757,0.283689748006,0.291810503517,0.00759276309067,0.00746491191193,0.00769054124317,0.00773901239781,0.00768377276717,0.00780250428632,-0.000606744328119,-0.0203947637654,0.0138577736352,7212957
d.2001-3001,2001,0.00751048812876,0.0074567447423,0.00755621636714,0.749108682515,0.747111561354,0.751321881969,0.287447260558,0.284827337955,0.289756281561,0.00745057828363,0.00737385145825,0.00751866577227,0.00763404276698,0.00759244024537,0.00766821240302,-0.00575021490099,-0.0204596633535,0.00666359817744,13508719
d.45001-46001,45001,0.00776638387875,0.00763213539396,0.00799972678786,0.748449777613,0.741790068251,0.755871310026,0.28660377738,0.279715374547,0.293253765759,0.00763889680637,0.00742175376724,0.00785848122652,0.00786135902502,0.00770654554439,0.00799378214731,0.0117346077318,-0.0338052982998,0.0614266291879,1583401
u.70001-71001,-71001,0.00772269332336,0.00752934324102,0.00789546681378,0.751762697979,0.743081121208,0.759986815198,0.292401301028,0.282490188017,0.300684378719,0.0078442095483,0.00757175549565,0.00817024277208,0.00792992224125,0.00779180125179,0.00805740917938,-0.0481359953567,-0.113059245682,0.000339417854128,1016022
d.62001-63001,62001,0.00776054793621,0.00757415182999,0.00793762660044,0.751477716773,0.745269238053,0.757936433527,0.29339403541,0.283270153447,0.300988849589,0.00787311642045,0.00758784894076,0.00815798475856,0.00791039369885,0.00777728342842,0.00804860673213,-0.0175022142691,-0.0642815072006,0.0266053344339,1131849
d.31001-32001,31001,0.00770881598691,0.00758152514136,0.00784160273304,0.749323671498,0.7449961123,0.753236672626,0.28467088056,0.278861672254,0.291251600667,0.00762605034855,0.00745795252578,0.00783130143029,0.00776750662567,0.00768399762819,0.00787170328111,0.0310173805407,0.00160500283677,0.0652810831976,2223272
d.58001-59001,58001,0.00797874693047,0.00774371984406,0.00819096257566,0.74481573872,0.738788041826,0.750744141151,0.292882620623,0.285686130961,0.3033349811,0.00787621848929,0.0076049612304,0.00820659373193,0.00798170531969,0.00779279545752,0.00811304993391,0.0616323015318,0.021977404867,0.116024623563,1235190
d.37001-38001,37001,0.00776463378561,0.00762344085929,0.00790492305959,0.750922358349,0.746001175693,0.756382337752,0.290325105358,0.282943427338,0.297391459614,0.00784382826556,0.00758509712172,0.00800177938136,0.00785868558855,0.00777200879011,0.00793765201425,0.0122178372927,-0.0261026565188,0.0459695304571,1914009
u.25001-26001,-26001,0.00767081813204,0.0075560416641,0.00780772916245,0.754763833314,0.750476333215,0.758421306693,0.292128337801,0.286091709703,0.297295462332,0.00781376053965,0.00756605662239,0.00799534039911,0.00783130444793,0.00774022394955,0.0079148540287,-0.0241076511776,-0.050161007604,0.00883596846305,2624907
d.43001-44001,43001,0.00772078220566,0.00756955449036,0.00794910815056,0.750440490882,0.745718840773,0.755493169363,0.294950076797,0.288620208487,0.302940404886,0.00783811266942,0.00769469752424,0.00806979656179,0.00780467863424,0.00769307960171,0.00794431851351,0.0174092080379,-0.0189930891882,0.0767219524885,1642594
u.61001-62001,-62001,0.00769731477733,0.0075417888906,0.00785481718459,0.748884076242,0.744497195774,0.755651823494,0.28124743467,0.273646421025,0.289908698683,0.00752477725678,0.00733046238023,0.00776716983076,0.00781341043894,0.00769878081576,0.00795004531723,-9.91527016693e-05,-0.0473850011427,0.0420669282471,1199434
u.26001-27001,-27001,0.0078025712427,0.00767005060378,0.00792441728354,0.75152168763,0.747005919854,0.755648159914,0.292835385644,0.287189082697,0.29899463343,0.0078618411036,0.00772175215409,0.00803991785611,0.00791305846162,0.00782103055672,0.00801234622974,0.00371818395987,-0.0235777124846,0.0378163153846,2561522
d.28001-29001,28001,0.00772185296789,0.00759624386589,0.00785803047543,0.751300971329,0.747529203745,0.756184683615,0.29416608851,0.287891024575,0.299150048531,0.00780486012245,0.00750204925779,0.00799026762018,0.00780602315505,0.00771275341273,0.00791668362546,0.0172679392532,-0.00983693206833,0.0444418523271,2427565
u.52001-53001,-53001,0.00769969868114,0.00756826763699,0.00787991200903,0.749087353325,0.743888922783,0.756696351942,0.287931847648,0.278680390563,0.294778661203,0.00768267347998,0.00740012287523,0.00798910983356,0.00781935504235,0.00767267591605,0.00799357444702,-0.00199132596055,-0.0518261765313,0.0389336168358,1431933
d.38001-39001,38001,0.00780247579693,0.00770472088696,0.00792578691324,0.752661846102,0.746997763786,0.759165519472,0.284112135913,0.275243172908,0.289499916839,0.00781660420225,0.00759234365848,0.0080294681351,0.00793604322423,0.00783958292248,0.00806332526945,-0.00850170530494,-0.0406356564276,0.0307908305724,1851440
d.94001-95001,94001,0.00746806453454,0.00718739042804,0.00765907147379,0.754089769607,0.745756023083,0.764562534035,0.284392296126,0.271668306757,0.29392072902,0.00749100129096,0.0070206794528,0.00788004617913,0.0076979127779,0.0075166097966,0.00786815351089,-0.0640083572531,-0.113247829807,-0.00462795095793,616799
d.22001-23001,22001,0.00769446660945,0.00756707160536,0.00780022728783,0.752210296783,0.748625141104,0.755723614624,0.289368540568,0.285186658105,0.293931931654,0.00774828800216,0.00757022930155,0.00791836044054,0.00781676704002,0.00773552049901,0.00789954649167,-0.00345430532303,-0.0378038640895,0.0269385957169,3029709
u.43001-44001,-44001,0.00779357238698,0.00762186030663,0.00801331532954,0.74695617948,0.739197714918,0.753466982337,0.288006326277,0.281323458808,0.295204164703,0.00767873467755,0.00745980286048,0.00787665643363,0.0078926139381,0.00777453191516,0.00805383559123,0.00974317020946,-0.0268958479851,0.0572872962387,1672108
d.66001-67001,66001,0.0077773164824,0.00760566824897,0.00796440042139,0.751275506731,0.743209851022,0.758017671712,0.294523827097,0.286565615694,0.302740405753,0.00786325525273,0.00755818301371,0.00818176466083,0.00789408298192,0.00775754233862,0.00803116636248,0.000185749144424,-0.0362725007252,0.0443014482729,1036111
u.9001-10001,-10001,0.00761923074612,0.00751768563323,0.00768650976245,0.753360032202,0.749752566054,0.757749605455,0.287577354699,0.283651391639,0.291891796053,0.00764705736746,0.00751456389059,0.0077787421278,0.007760252879,0.00769754859887,0.00781597208485,-0.0142198676947,-0.0375946341777,0.00765203048994,5719627
d.76001-77001,76001,0.00779467282313,0.00756956674238,0.00804322844088,0.744422799542,0.734722408926,0.750593040353,0.296616814679,0.288954857169,0.304965923362,0.00779866512504,0.00755036038003,0.00813478156306,0.00784325490944,0.00768853537349,0.00803782302729,0.0368178863096,-0.0229952400465,0.104606950091,851639
u.4001-5001,-5001,0.00760080441685,0.0075290748934,0.00768783573296,0.748040858381,0.74532235291,0.749772402952,0.288628662969,0.285135894931,0.291328605623,0.00754108253391,0.00741666138342,0.00763208643071,0.00769558909096,0.00764044726584,0.00775962916142,0.0107316344575,-0.010225132516,0.0303177092547,8724123
u.69001-70001,-70001,0.00775899684324,0.00759302680006,0.00793428980377,0.747508927296,0.741828009266,0.753796098416,0.285948337569,0.277155757616,0.293005768075,0.00758794615321,0.00736230067551,0.00785353314532,0.00786762347311,0.0077341170669,0.00800303245059,0.00438207820919,-0.0506275186847,0.0539449494393,1030104
d.3001-4001,3001,0.00755245035704,0.00748666411014,0.00760801987763,0.750920308329,0.748691977539,0.75291087105,0.288085210169,0.285722512125,0.290620963071,0.00754619707945,0.00745357794878,0.00762309633826,0.00767583062465,0.0076198065869,0.00771327201066,-0.00527795509351,-0.0181276897251,0.0158796927741,11283346
d.61001-62001,61001,0.00786597240517,0.007668645553,0.00806277393043,0.755936951655,0.749389100741,0.762196539491,0.292270735943,0.280896826622,0.303568420647,0.00797032731736,0.00774384964687,0.00833259837884,0.00800587258216,0.00788021360348,0.00816546862863,-0.0112464150967,-0.0689942057128,0.0342395580336,1161522
d.96001-97001,96001,0.0077553571471,0.00751452590336,0.00794636879799,0.754097892661,0.746105890621,0.762290502793,0.279079533048,0.264648670785,0.290668849715,0.00746141478378,0.00702374957209,0.00782379724554,0.00794079796391,0.00772055682412,0.00811900054897,-0.0362905301604,-0.109311413976,0.0272174891209,597969
d.64001-65001,64001,0.0078231586936,0.00766106284609,0.00800027115668,0.748380239936,0.742010143493,0.756343354012,0.29856480882,0.288857988615,0.30668441453,0.00795480737319,0.0076347665485,0.00825602771706,0.00790905618145,0.00778617607961,0.00803229422925,0.0169352234696,-0.0432533709684,0.0714363199463,1096299
u.60001-61001,-61001,0.00757919531412,0.00743945431279,0.00777710409029,0.758097473261,0.752415003652,0.764927882988,0.285854456439,0.278616099239,0.293448902449,0.00771660351667,0.00746728082385,0.00797752942067,0.00777803334268,0.00765155463435,0.00790744337205,-0.0457143763627,-0.0834749684824,0.00641771376638,1237113
u.21001-22001,-22001,0.00773758338927,0.00764019459942,0.00784197203998,0.748589554775,0.745184911066,0.752549273554,0.286605109168,0.281505084874,0.291178210993,0.00771296828594,0.00752200879578,0.00781906263384,0.00784038116701,0.007747497065,0.00791995955224,0.00734573378394,-0.0219868914233,0.0384342877832,3049048
d.57001-58001,57001,0.00774152736188,0.00760623148464,0.00795164762119,0.74808664217,0.741910020753,0.75408507765,0.282343353212,0.275504608986,0.291519985883,0.00754145695342,0.00728785707127,0.00784954213432,0.00780164710379,0.00768539759438,0.00795779785035,0.0303768971217,-0.0175813064468,0.0799391952781,1258820
d.23001-24001,23001,0.00771726718185,0.00759402616861,0.00786514195845,0.750617092292,0.746476020343,0.75537761366,0.290475268551,0.285159889486,0.296520536933,0.00777139146009,0.0076102822469,0.00797084668819,0.00782590825582,0.00774044492311,0.00793130679699,0.00406083864337,-0.0308312336489,0.0393447593773,2937878
u.30001-31001,-31001,0.00765064231308,0.00752170860617,0.00775690582983,0.754649887801,0.749523654372,0.759149147113,0.29085120324,0.284358520818,0.296154818499,0.0077040128834,0.00751041420358,0.00790083364295,0.00784689189662,0.00774437202234,0.00794752630164,-0.0433542941287,-0.0736354875134,-0.0159332841258,2273084
u.1001-2001,-2001,0.00757223549179,0.00751561400969,0.00763172742127,0.748384056109,0.746348052895,0.750618643006,0.289442895881,0.287388064146,0.291825926378,0.00750591159757,0.00740224117518,0.00757912040785,0.00766447044864,0.00761554934605,0.00771362996009,0.0119361260937,-0.00274521523237,0.0294392584466,13486447
u.64001-65001,-65001,0.00768160994422,0.00752395795201,0.00785336558367,0.754186164802,0.747143711096,0.76197697058,0.284705041808,0.277772274776,0.29330886844,0.00772691106669,0.00745455891971,0.00796736012747,0.00783343865774,0.0077012991163,0.00797512545483,-0.0193737180563,-0.060416187301,0.0349442416428,1131609
d.63001-64001,63001,0.00804042581136,0.00784552187709,0.00820306574696,0.74912033437,0.742068497577,0.753678330147,0.294264919186,0.286462025722,0.302266785249,0.00816390318755,0.0077971287455,0.00845680186051,0.00808052414016,0.00795275651636,0.0082121649523,0.042067240133,0.000540135569357,0.0884532630795,1108833
u.8001-9001,-9001,0.00762665147931,0.00755150652301,0.00770696405718,0.752501922016,0.749295969539,0.754583990096,0.289471478332,0.285593415047,0.292901766226,0.00767344216454,0.00754640503706,0.00780960932545,0.00775973275307,0.007695053897,0.00782471935658,-0.00986448629537,-0.0255028967904,0.0196391470082,6149897
u.17001-18001,-18001,0.0077822678448,0.00768140091744,0.00786472376693,0.751470667188,0.747974610089,0.756021656003,0.291079076705,0.284778394303,0.296745082971,0.00788280140679,0.00768415166587,0.00803406979783,0.00791090263634,0.0078108625651,0.00798131593885,-0.00607290713523,-0.0337918291844,0.0240759518339,3643507
d.93001-94001,93001,0.0074075470966,0.00719567472021,0.00759394825235,0.752957281095,0.744370687496,0.762052147596,0.277207468697,0.264770519512,0.289271809678,0.00738434877959,0.00702596394998,0.00784804354981,0.00767161491326,0.00749120271447,0.00789180986352,-0.0834492820117,-0.13821666342,-0.0125294774216,629356
u.68001-69001,-69001,0.00777188887607,0.00760762281865,0.00796368609467,0.749716204957,0.744129412941,0.755068189737,0.291570096893,0.281866441573,0.300657571622,0.00789043948184,0.00756689745544,0.00820427490695,0.00787513024857,0.00773009486043,0.00801625558322,0.00735187202278,-0.0345014815059,0.056681241238,1061239
d.55001-56001,55001,0.00786940124838,0.00771443498221,0.00806046653637,0.748375802998,0.742524688898,0.754061358502,0.289132613386,0.281559339153,0.297638018291,0.00788841850361,0.00764130939933,0.0081319311587,0.00791772904058,0.00777040009548,0.00805169340963,0.0372042232748,-0.000866335556127,0.0895890073596,1310721
u.32001-33001,-33001,0.00769681433732,0.0075648408414,0.00779158284678,0.753687750168,0.749271327286,0.759564551841,0.286647532909,0.28146995467,0.295645379184,0.00768739223716,0.00752078548233,0.00785842732913,0.00780353023341,0.00769890541735,0.00789551231975,0.00494238734517,-0.0405780448806,0.0402417915673,2162888
d.5001-6001,5001,0.00750194473915,0.0074395087094,0.00757200704214,0.751663847257,0.749655385062,0.753585345795,0.289590124447,0.285211964758,0.292564127738,0.00752377355461,0.00744185572424,0.00760973395761,0.00764157506146,0.00759571717755,0.00769443461097,-0.0146464331571,-0.0336457148637,-0.000401782173569,8732060
u.86001-87001,-87001,0.00753157774279,0.00732297603507,0.0077291185347,0.751099686908,0.741558058038,0.762058162687,0.286505320379,0.273780190972,0.29547796315,0.00748709692062,0.00721532426816,0.00788232202981,0.00771845740244,0.0075802708398,0.00786828905478,-0.0399520289892,-0.118705665079,0.0199774324171,773367
d.84001-85001,84001,0.00778372670691,0.00758938242002,0.00804194142045,0.751428682957,0.743507723996,0.762017143179,0.280635169517,0.273195488649,0.289377085702,0.00772889174929,0.00739256007727,0.00813511771942,0.00792122079829,0.00772902141255,0.00814606477213,-0.0107474397514,-0.0634907409564,0.0532920805631,738292
u.93001-94001,-94001,0.00770270058195,0.00747512511035,0.00797716129118,0.750188009633,0.741461321834,0.761121902833,0.28749183572,0.27645364778,0.299118131016,0.0076262600209,0.00738454031691,0.00800711752382,0.00779573321044,0.00762345210328,0.00801677051327,0.0123621920896,-0.0551276274017,0.086704009583,700923
u.29001-30001,-30001,0.00760307305087,0.00748900351948,0.00774460087581,0.751972334784,0.747469984207,0.756138919625,0.287363155198,0.282170514003,0.293607286634,0.00762483890419,0.00741044513104,0.00782532054679,0.00775564240733,0.00766262906516,0.00785532066739,-0.0206097692572,-0.0553920370976,0.0261298922177,2327644
u.36001-37001,-37001,0.00773648563533,0.00759069540836,0.00786856779558,0.748962136069,0.745542537921,0.754129892831,0.29258626173,0.284816250861,0.300253617544,0.0076324607414,0.00746522485573,0.00788698133829,0.00781980359526,0.00768664315001,0.0079054804587,0.0178131495472,-0.0213951262887,0.0529784330374,1963700
d.46001-47001,46001,0.00785345507528,0.00771389173029,0.0079983865293,0.746807266672,0.741565403196,0.750907822528,0.293910775726,0.289505510327,0.302096537424,0.00778752179111,0.00752965365528,0.00795961509906,0.00790276262655,0.00777817555209,0.00802676541539,0.0366270427216,0.000422836174064,0.087789380495,1540313
u.20001-21001,-21001,0.00768243915304,0.00756777304926,0.00777237757759,0.750915880644,0.747387133131,0.755055603194,0.292439074923,0.287277367172,0.298767046394,0.00775572272131,0.00755768475254,0.00789979511795,0.00780810497734,0.00769893929887,0.00788484589392,-0.00536484572485,-0.0307400371207,0.0196246346026,3174403
d.78001-79001,78001,0.00779010191048,0.00757816224165,0.00806105587015,0.749516281055,0.741480911661,0.758425186874,0.281513147879,0.269125493887,0.295890673936,0.00766105910616,0.00734097949238,0.00796070974609,0.00790780194354,0.00776047809673,0.00811485826818,-0.000207909767566,-0.0695014844108,0.0584566129826,821025
d.19001-20001,19001,0.00771058514284,0.00756219349249,0.00781561664779,0.749986174999,0.746673659605,0.756229087278,0.290063852629,0.28526932143,0.293666888121,0.00768101578953,0.00752113292864,0.00783940590759,0.00783678736518,0.00774248230045,0.00792291811682,-0.00540551515721,-0.0369463369181,0.0166917536161,3461977
d.67001-68001,67001,0.0078517920264,0.00767810780055,0.00807579523542,0.751199727524,0.743214138358,0.75897755256,0.288039244071,0.279589174879,0.295604335127,0.00786047192178,0.00759824520424,0.00807499839601,0.00792798688687,0.00778951160246,0.00808707820224,0.0222602473486,-0.0266972296595,0.0895851491891,1018688
u.76001-77001,-77001,0.00773896358511,0.0075648030914,0.00795002064587,0.750617236443,0.746403664075,0.75681845725,0.287005578329,0.278665009297,0.294302883575,0.00781564080731,0.00762644339709,0.00816850708615,0.00783534792536,0.00769943515388,0.00804906151495,0.0107969752276,-0.0437092895452,0.0439236875559,914977
u.88001-89001,-89001,0.00755081142238,0.007305661019,0.00772387532614,0.755642075975,0.745500240308,0.764584137229,0.281671493434,0.27156480131,0.292878270346,0.00761557532775,0.00733898468874,0.00798390061416,0.007754683431,0.00757038286782,0.0078972253149,-0.0488062640568,-0.108818093481,0.00497590159533,752856
u.67001-68001,-68001,0.0076903864493,0.0074918700413,0.00787603121999,0.743374092986,0.734905127227,0.749728314079,0.286568573552,0.277253267354,0.296601425051,0.00759791985393,0.00728463126632,0.00791499347711,0.00773894137709,0.00757282240048,0.00788331307232,0.0364777834008,-0.0141144823124,0.100407329572,1075552
u.72001-73001,-73001,0.00771277146754,0.00758477785067,0.00789188923449,0.747776857222,0.740040778909,0.753848546931,0.283890071508,0.274733733617,0.293233719579,0.00749118101983,0.00721752321593,0.00777968410495,0.00783059387576,0.00772419354797,0.00796249386009,-0.000899792325334,-0.0441311121287,0.0512593901211,978049
d.39001-40001,39001,0.00776768813041,0.00763639620631,0.00793357557187,0.746914404272,0.740532045714,0.75178641416,0.287608407562,0.281523054275,0.294013020177,0.00764170065544,0.00743268375686,0.0078467038587,0.00784938827826,0.00774544181137,0.0079774638378,0.0188624264833,-0.0146903689339,0.0618057263666,1817641
d.4001-5001,4001,0.00751123602826,0.00743590350482,0.00758680797589,0.751694182651,0.749657117944,0.754292007015,0.287869847153,0.285380221069,0.290211802936,0.00751688592047,0.00744133469201,0.00761540391336,0.00765380764562,0.00759947338224,0.00772477303497,-0.0161595296712,-0.0358515317396,0.0014801451053,9790592
d.1-1001,1,0.00748650454799,0.00745273326315,0.00753405499285,0.750030232574,0.748375609589,0.751439209476,0.288016900778,0.28607775134,0.289428650055,0.00745272658081,0.00739058667974,0.00751967396008,0.0076239889717,0.00759714436246,0.00765679312254,-0.0136267526689,-0.0242141272723,-0.00339063296455,26801027
u.74001-75001,-75001,0.00777661277821,0.00755737625519,0.00802966197418,0.751154046256,0.744814129261,0.761400770798,0.280753027129,0.269363472255,0.288796131633,0.00762876315197,0.00733504782921,0.00796252564476,0.0078568410925,0.00769077928675,0.00803066239627,0.0197018961616,-0.0359829017003,0.0688851929391,936727
u.15001-16001,-16001,0.00766154892188,0.0075613178676,0.00777278166552,0.750570236084,0.746970674126,0.754002835696,0.287240183562,0.283107465515,0.292915305393,0.00765895823872,0.00752698278863,0.00781118914147,0.00778775697288,0.0076953752214,0.00786762581733,-0.00584073914449,-0.0362493550216,0.0179636029191,3981880
u.5001-6001,-6001,0.00764462914911,0.0075552883115,0.00771875012781,0.747571233289,0.744532158469,0.749500365308,0.290330593057,0.287155946998,0.293041880678,0.00756023170163,0.00745550831243,0.00764165208081,0.00773064445196,0.007662763225,0.00779080459941,0.0158032980094,0.00230146805204,0.0377824260148,7902459
d.47001-48001,47001,0.00769217025187,0.00757176668099,0.0078563443209,0.75125777874,0.745009995461,0.756132501128,0.285087452852,0.276377662725,0.291246684111,0.0077088555211,0.00751255675207,0.00789920700553,0.00778940734438,0.00770830082494,0.00793831237086,0.0100217485041,-0.0268950537777,0.0566574674222,1531764
d.59001-60001,59001,0.00770040266604,0.00746592796334,0.00789492759913,0.752547340995,0.746265150751,0.758755462965,0.29189527697,0.282811383559,0.299872579635,0.00782487003044,0.00761990568444,0.00812425157037,0.00783681338637,0.00766819295319,0.0079984421393,-0.0109554417043,-0.0581422918332,0.0457758248188,1211478
u.90001-91001,-91001,0.00755513580081,0.00729342849425,0.00781760707235,0.755414501065,0.746804522956,0.765469686623,0.278562773359,0.267526372366,0.290063592265,0.00757701309063,0.00718911908674,0.00791190802612,0.00776294583501,0.00749328155318,0.00796660791987,-0.0508483332075,-0.13040910923,0.0255460864634,737607
d.53001-54001,53001,0.0076241512558,0.00743805356372,0.00781160200151,0.750739414612,0.743346455864,0.757434388521,0.290707353578,0.285405071744,0.299263580729,0.00767606087822,0.0074593370467,0.00795447332059,0.00776094817972,0.00761213334724,0.00787146942667,-0.0118925530357,-0.051715505618,0.0363822827497,1359245
u.81001-82001,-82001,0.00771391874578,0.00747899953655,0.00788672293432,0.750799315362,0.74316092158,0.760654479607,0.288897652677,0.280158042857,0.297097385324,0.00772564550842,0.00739547093942,0.00809824993895,0.00787217156178,0.00765202631846,0.00805801754848,-0.022443919185,-0.0810313843986,0.0282345022844,833900
d.70001-71001,70001,0.00779134847171,0.00762520956259,0.00809010573104,0.748778117608,0.741766252908,0.756050172159,0.285515473434,0.276268620221,0.294436504365,0.00770941298915,0.00739713855799,0.00803801778864,0.00788848059006,0.0077342390028,0.00809480111137,0.0107461541498,-0.0480648757625,0.0690642280924,958649
u.1-1001,-1001,0.00752187874123,0.00747345241129,0.0075778930832,0.749308675523,0.748008008502,0.751387351309,0.289776560937,0.287771317156,0.291801745447,0.00748269524214,0.0074097046869,0.00755901841075,0.00763665177976,0.00759839176959,0.00768603449034,-0.000826634442984,-0.0135776849206,0.0106325064615,17406629
u.80001-81001,-81001,0.00782243015599,0.00762130313775,0.00803814184519,0.751744872669,0.743547587165,0.760633883352,0.288789765858,0.281197431913,0.297176380489,0.00786432334037,0.00753616952416,0.00820890696187,0.00798817596129,0.0077861880594,0.00819157954545,-0.0251967615777,-0.0767376928091,0.026429863647,841991
d.97001-98001,97001,0.00790881116842,0.00761612943972,0.00820208765203,0.75108068133,0.741929393567,0.76118485939,0.29249340669,0.277243763914,0.304238440299,0.00792911802963,0.00759508574125,0.00824433978941,0.00797003718777,0.00778779283578,0.00825316642461,0.0304770737025,-0.0476107678539,0.0932638743375,591970
u.18001-19001,-19001,0.00769148308824,0.00755567859498,0.00780706006623,0.751066054115,0.746767080618,0.754865108747,0.287017954999,0.283341492917,0.291217926968,0.00770742473674,0.00753750684179,0.00785154346896,0.00780495167025,0.00771282980255,0.00790691846564,0.00126646908312,-0.0286002083132,0.0365771666271,3486399
d.7001-8001,7001,0.00755675831827,0.00747068593471,0.00761606836923,0.748407026608,0.745617858752,0.751154523245,0.286151081909,0.282801003906,0.289846019911,0.00747067659189,0.00736173579867,0.0075572597855,0.00765876353903,0.0076050229874,0.00770548194229,0.00646193901203,-0.0121238201599,0.0236634968048,7229360
u.62001-63001,-63001,0.00780997205471,0.00763479051569,0.00798368685851,0.750967115685,0.744898109864,0.75745121091,0.291326844265,0.282617229228,0.301052237249,0.00791533123775,0.00765229681591,0.00822081061155,0.00787391904379,0.00773457692839,0.00801969206963,0.0286070810233,-0.0186837718197,0.0600065570327,1176227
d.92001-93001,92001,0.00762736218804,0.00741777953801,0.00795108852418,0.754054889922,0.748291664667,0.763683010262,0.284340108973,0.27459147196,0.298260789334,0.00759431776462,0.00722656750268,0.00798351082831,0.00780062257538,0.0076644834762,0.00804280458778,-0.0314258959439,-0.0981378836057,0.0492022319664,644109
u.82001-83001,-83001,0.00796097476998,0.00776536978699,0.00811368731724,0.746284029268,0.739759261366,0.751931451406,0.298457856524,0.288626710262,0.306316046598,0.00797261450477,0.00770434979175,0.00834068196508,0.00804354036143,0.00786038441004,0.00821203140254,0.0194734767981,-0.0342864680222,0.0692228458613,819335
d.74001-75001,74001,0.00776918161353,0.00764184560914,0.00797325977444,0.757506183802,0.748445195558,0.763271313101,0.278834884997,0.269200719946,0.285588339679,0.00786512425593,0.00753344213958,0.00815435437574,0.00796118623546,0.00781988200475,0.008095359419,-0.0395502134305,-0.0781695227344,0.00889823811546,886714
d.35001-36001,35001,0.00768776542206,0.00756556963893,0.00781756914481,0.75158207695,0.746367642567,0.755241839907,0.289780832112,0.282534016338,0.297826167607,0.007730353777,0.00752356603078,0.00795672656666,0.00782610311462,0.00771163881483,0.00792740381714,-0.0121063927379,-0.047652391307,0.0245775644068,2003760
u.56001-57001,-57001,0.00768050514967,0.00748165895927,0.00788574990227,0.749440347643,0.742928145413,0.754994129248,0.284597495198,0.279122043556,0.29485549796,0.00759862601087,0.00738332423119,0.00788570822558,0.00778300031677,0.00766232754088,0.00791071278738,0.00709927267822,-0.0392118648344,0.0595073688778,1340101
d.95001-96001,95001,0.00767598459927,0.00734136006303,0.00792832202344,0.755022438652,0.748697425865,0.765413619455,0.292404600539,0.277558868266,0.303642508287,0.00776338583906,0.00728770126538,0.00827228775846,0.00782312103029,0.00757470128286,0.0080759337133,-0.0169259137115,-0.0914013885032,0.0411948748742,602063
u.3001-4001,-4001,0.00757917289626,0.00750177459239,0.00763476485552,0.748548163454,0.746343075649,0.750484548757,0.289794617239,0.285951499392,0.292353972591,0.00753481693622,0.00743292241007,0.00763285612384,0.00767675436037,0.00762474945107,0.00772086611925,0.00905046116457,-0.009070275158,0.0238649495672,9787565
u.54001-55001,-55001,0.00780074857551,0.00763762001683,0.00797959135977,0.746896421212,0.739199874354,0.753695613549,0.288748665742,0.278738097505,0.295772921567,0.00766688152109,0.00742311842889,0.00792962028446,0.0078608561815,0.00771535777199,0.00800656205531,0.0306309946459,-0.0232031798374,0.0762943345751,1393763
u.27001-28001,-28001,0.00770821259506,0.00759818977567,0.00781724783738,0.753609317606,0.749244109012,0.75862740025,0.294023612264,0.287977667453,0.300514706744,0.00785307081656,0.00767765615026,0.0080429223406,0.00785249476776,0.00776262250508,0.00793185636387,-0.0150790257953,-0.0518000989087,0.0232329084179,2469638
d.71001-72001,71001,0.00778728561501,0.00760686610956,0.00803012315076,0.755130801185,0.747179209614,0.762177219791,0.292505913091,0.283671476588,0.300847386101,0.00794418126803,0.00768198652047,0.00830443497921,0.00792585123475,0.00777868034327,0.00812124838842,-0.0112805185482,-0.0589384701453,0.051281373941,939545
u.13001-14001,-14001,0.0075376948287,0.00744523887237,0.00764138980961,0.750080942382,0.746449890144,0.75386257525,0.289861722791,0.285545146915,0.293429077636,0.00756184096318,0.00745561346922,0.00775057881898,0.00767667128424,0.00761395307775,0.00777896063371,-0.0139273914937,-0.0536384805999,0.00880418005946,4402143
u.48001-49001,-49001,0.00777944964297,0.00763741984339,0.00792171820187,0.752076335591,0.746113764032,0.7562822744,0.289811500835,0.281244143417,0.296427448008,0.00779141199826,0.00757011392694,0.00802053085855,0.00790163163114,0.00778848397685,0.00800703308041,-0.00267433926084,-0.0389951747133,0.0353226094608,1531119
d.40001-41001,40001,0.00775207207302,0.00761728144079,0.00787943362419,0.750785435799,0.746340578265,0.756650201025,0.28953053218,0.283520572951,0.297211370473,0.00777833874729,0.00761462048472,0.00799113475912,0.00788618875779,0.00777720791604,0.00799779186096,-0.0092518127989,-0.0423503678013,0.0382164929659,1756879
u.75001-76001,-76001,0.00785544572411,0.00766951841613,0.00804908991073,0.751614661907,0.744855846731,0.75829585959,0.291655765654,0.282785761878,0.301043511802,0.00793575566266,0.00759529461252,0.00829876631637,0.00794030107048,0.00780928253446,0.00813403438027,0.0176763239232,-0.0275247213527,0.0827299455696,932178
d.14001-15001,14001,0.00755295548539,0.0074311401346,0.00765379838577,0.751727808097,0.748812097871,0.75535014033,0.290319198053,0.286387775387,0.294398808335,0.00763416165957,0.00748446658331,0.00779809229543,0.00769961614013,0.00761714585433,0.007782710408,-0.0179500793159,-0.0473143002565,0.0017437907191,4419161
u.73001-74001,-74001,0.00775857883933,0.00757014653463,0.00794814020342,0.74605006105,0.737762935433,0.754065774673,0.290092347462,0.282727332166,0.298873294438,0.00762979625643,0.00738486895279,0.0079533954005,0.00780660554116,0.00763951051677,0.00791111116446,0.0369974810102,-0.00305261903917,0.083882730098,957305
d.6001-7001,6001,0.00752117690216,0.00744513952015,0.00758469010912,0.751343183718,0.748825783914,0.754141135052,0.290237125995,0.28699500832,0.292630112586,0.0075658307678,0.00745061763178,0.00765193621658,0.00764552911008,0.00758450747048,0.00769730166191,-0.00609109453485,-0.0262228132917,0.0114988052467,7910201
u.79001-80001,-80001,0.00776781203008,0.00748458407065,0.00798491448098,0.757835673973,0.750622573303,0.766240589833,0.281477844217,0.271188851529,0.291889195621,0.00791189167032,0.00753432498478,0.00825566540381,0.00795414698288,0.00777089713587,0.00810602962338,-0.0366039593663,-0.118474562776,0.0232921139084,855521
d.88001-89001,88001,0.00764452646668,0.00741024350822,0.00791640031144,0.753988844208,0.744292390625,0.762076844956,0.281984397633,0.269847238782,0.293045651493,0.00759288341042,0.00728581165474,0.00786283169065,0.00782447158307,0.00765473452819,0.00801289685158,-0.0347777195621,-0.0922340993708,0.0285474439269,680175
u.77001-78001,-78001,0.00791654065003,0.00774788638345,0.00817437337086,0.748029650279,0.7388324795,0.756411261153,0.285836553981,0.275740316529,0.296443916075,0.00784151679479,0.00759633272281,0.00819173103055,0.00797172568897,0.00782392096549,0.00818722182945,0.0337142370436,-0.0144691662969,0.0951408529184,897960
u.19001-20001,-20001,0.00769066753434,0.00757308978464,0.00782332014457,0.754547484498,0.750443954014,0.758190643928,0.287518740391,0.283961825241,0.293554482318,0.00778253218174,0.00764029036847,0.00790077778168,0.00784408810508,0.0077491912119,0.00793060911213,-0.0201272345075,-0.039339868093,0.00668542596257,3330873
u.38001-39001,-39001,0.0077036315284,0.00754748423509,0.00785876509405,0.752209281753,0.747206131596,0.757847590397,0.28790107877,0.282921572469,0.292475106686,0.00772797522265,0.00748900210899,0.00792410651435,0.00785027031439,0.00770608967241,0.00795547932778,-0.0163801840722,-0.055792790646,0.0226712920408,1871013
u.91001-92001,-92001,0.00767703316262,0.00749428515337,0.00794362603983,0.753465432456,0.744135319257,0.763241167435,0.292757635917,0.28332691692,0.306406490622,0.00785483999855,0.00757524238766,0.00821452918042,0.00784414915217,0.00766823620476,0.00803662851058,-0.0275637784322,-0.096579275607,0.0463226897526,724500
d.75001-76001,75001,0.00761142552444,0.00740036708409,0.00785376019068,0.753668615532,0.746148309922,0.759495186434,0.287749652906,0.277350189763,0.297648099503,0.00770784202043,0.00742426923423,0.00809135845355,0.0077932022885,0.00763113665435,0.00798488944024,-0.0361731854963,-0.079417963937,0.0253976529577,868600
u.55001-56001,-56001,0.00765778623759,0.00751345248984,0.00782297576862,0.749805994042,0.745242484765,0.75619137347,0.28839188286,0.281162075244,0.296350889544,0.00765254874035,0.00739866200561,0.00789295869301,0.00775577686221,0.0076066068412,0.00789869950917,0.00937705916807,-0.0296660637389,0.0503379773236,1368673
d.54001-55001,54001,0.00763206432349,0.00747779139284,0.00780932567242,0.749954275263,0.74416446503,0.756037886962,0.290812554123,0.28529784764,0.300891108778,0.00769223368363,0.0075136072578,0.00791698353532,0.00776440477621,0.00762598758226,0.00787355242268,-0.00941350211264,-0.0613510895554,0.0384468276398,1340252
u.37001-38001,-38001,0.00769845350792,0.00753076403632,0.00784390376307,0.757041148111,0.752090016526,0.762014393939,0.286427216987,0.27896713126,0.29418620294,0.00780396562823,0.00758230757546,0.00802627934807,0.00787427045385,0.00777527679407,0.00796713843024,-0.0319267768567,-0.0729812762536,0.00425689354951,1914472
d.80001-81001,80001,0.00778752793713,0.00761175981094,0.0080241617581,0.747826697892,0.740028144789,0.754306552443,0.290942087847,0.28229192625,0.304304703494,0.00767466648806,0.00738750169673,0.00806694759875,0.00789444110502,0.00775601639561,0.00809384327274,0.00550658644901,-0.0414314442488,0.0765768481914,777945
u.51001-52001,-52001,0.0077119442083,0.00752232424282,0.00788985533363,0.747266627096,0.740839199241,0.752730743936,0.28857205341,0.280403703115,0.294288320112,0.00759444778591,0.00729062750824,0.00781260857597,0.00784111981956,0.00768972339928,0.00797498593871,-0.00698319985912,-0.0545936489312,0.0356632092436,1460470
u.23001-24001,-24001,0.00770644202024,0.00758841563385,0.00779566577915,0.75200643422,0.748706708252,0.75580579383,0.28683193533,0.281997957371,0.291853801981,0.00774673004602,0.007575613198,0.0079104348484,0.0078572504425,0.00775182993038,0.00795378018737,-0.0185709497112,-0.044364656817,0.00179420993653,2850527
d.86001-87001,86001,0.00774120807607,0.00753011427122,0.00795623112482,0.754274925379,0.745253829979,0.761637678327,0.276239319842,0.264019112367,0.284405098757,0.00776615775211,0.0073989418411,0.00805437452831,0.00791770233749,0.00777444297908,0.00807203382761,-0.0317671629068,-0.0942740464164,0.0227111974409,709639
d.83001-84001,83001,0.00773905602322,0.0075238609929,0.0079626688823,0.751723225313,0.740925195265,0.758129221255,0.278822746979,0.263440748262,0.289100170833,0.0076460135565,0.00727401141122,0.00794967991838,0.00788634727552,0.00768163466492,0.00803922834758,-0.0163675460513,-0.0673607587082,0.0557961348897,743407
u.10001-11001,-11001,0.00766251669115,0.00757341196367,0.00774150046435,0.750783573538,0.747681190195,0.753684750614,0.292969593908,0.288897262246,0.296618972019,0.00771191866397,0.00758422832557,0.00782052936828,0.00776798114065,0.00768729234257,0.00783335411183,0.0053623015366,-0.0210550360806,0.0228431393648,5334967
u.28001-29001,-29001,0.00777494641156,0.00763756287001,0.0079249137767,0.75348166219,0.749636538116,0.758418894584,0.287630981261,0.279571575936,0.294080423578,0.00787035713812,0.0076387123178,0.00808130148852,0.00787537417481,0.00776874392833,0.0080022749939,0.00887623970624,-0.0278235987545,0.044902737908,2406769
u.39001-40001,-40001,0.00775928316165,0.00761714637577,0.00784644979885,0.753916839784,0.748397279003,0.758657303859,0.282391968371,0.27526048138,0.286894454575,0.007755962623,0.00748115817244,0.00794755412506,0.00789810351354,0.00778591167096,0.00798337178018,-0.0116801187597,-0.0454579036906,0.0272895211749,1819616
u.44001-45001,-45001,0.00771294049874,0.007563927319,0.0078581906925,0.74439691066,0.74002633857,0.750656920968,0.287933306421,0.280869193263,0.298390428844,0.00749147651907,0.00719184728072,0.00771281057173,0.00779483122865,0.00765471147368,0.00789935008223,0.0184477358636,-0.0212282665178,0.0479667543231,1637952
d.16001-17001,16001,0.00762342696423,0.00751387753068,0.00771901848937,0.754385163661,0.751479804209,0.758845921838,0.28878058388,0.284541385527,0.292566379991,0.00775708868921,0.00762565232136,0.00794768291697,0.00777534946133,0.00769652659006,0.00785902846154,-0.0200431148827,-0.0401854871596,-0.00179626315593,3968069
d.85001-86001,85001,0.00774448195798,0.00756484328336,0.00791181053357,0.758623914627,0.75086911557,0.766993426141,0.28019067698,0.271022474822,0.290469152569,0.00780047461057,0.00746696973776,0.00811667984883,0.00788877648479,0.00775386292294,0.00804277105239,-0.0147244840555,-0.0813689593233,0.0402584832269,729795
u.84001-85001,-85001,0.00783147900502,0.00762369369704,0.00801766085107,0.755198224241,0.748340011448,0.764825391645,0.292040507461,0.283468925592,0.301860986328,0.00798418903636,0.00767182359144,0.00842150123406,0.00802807738884,0.00782172456064,0.0082386465972,-0.0411317431757,-0.0897594824069,0.0059804133909,805517
d.33001-34001,33001,0.00778635295616,0.00762545417317,0.00793960031925,0.749596115603,0.744678434592,0.754098239489,0.29107364358,0.28635257601,0.297105217321,0.00777799448806,0.0076017948925,0.00795949710991,0.00784920564757,0.00772718672664,0.00797607636254,0.0290930324675,-0.00975656015328,0.06182517799,2105649
u.94001-95001,-95001,0.00783118314187,0.00759102448426,0.00808789299777,0.75302154439,0.743625057385,0.763478277765,0.290077863946,0.28130912826,0.301646626406,0.00787287424687,0.007502134149,0.00830231590608,0.00795359772407,0.00776827108503,0.00823277236626,-0.00236831564399,-0.0614015728532,0.0711086376525,688270
u.31001-32001,-32001,0.00771135921658,0.00757721932648,0.0078222734463,0.749932001532,0.746065711766,0.755530348538,0.2893661928,0.282985805847,0.294673566408,0.0076805127195,0.0075113371777,0.00785822184121,0.00781876316227,0.00770703390654,0.00792148981851,0.00468094842894,-0.0307668721791,0.0392423369192,2204123
u.78001-79001,-79001,0.00794400825446,0.00775486488819,0.00817263060944,0.748147049866,0.739477302889,0.75515625,0.293770600971,0.285535381176,0.302801713659,0.00793709974904,0.00767931075901,0.00830307856689,0.00801409397281,0.00786467439417,0.00817984395277,0.0259479635476,-0.0348048913072,0.0668192071923,871542
d.10001-11001,10001,0.00759006083209,0.00751398553873,0.0076620886446,0.749785661104,0.746898888248,0.752537098603,0.292011363164,0.288139520058,0.295196955737,0.00765205634091,0.00751427862525,0.00776131365601,0.00772351036269,0.00765905482572,0.00778643779537,-0.0104103793265,-0.0349736182544,0.0105193927077,5727240
u.63001-64001,-64001,0.00769661731301,0.00752940498107,0.00786037060207,0.751031387433,0.74506783391,0.757237383802,0.288078439085,0.280360178702,0.296758344049,0.00780353166971,0.00742323524225,0.00805330470392,0.00780727304569,0.00764412785619,0.00793430475163,0.00281996541615,-0.0570594133175,0.0505098652012,1168274
d.51001-52001,51001,0.00773534888712,0.00755889306815,0.00791539716784,0.744446343474,0.738153132595,0.749667695229,0.2869575935,0.279136493599,0.293140574031,0.00767190707104,0.0073968673718,0.00793648748218,0.00780621508577,0.00767821745115,0.00793093632399,0.0245305019071,-0.0207127356496,0.0557421436036,1424264
u.33001-34001,-34001,0.00778768421942,0.00763053470686,0.00794089980907,0.751862676968,0.747301009986,0.755902125294,0.287201698339,0.280244322316,0.293025641124,0.00779438921649,0.00762320893822,0.00799031818131,0.00791676636164,0.00778141090647,0.00802855560242,-0.00626226839236,-0.035542466842,0.0289888349192,2106834
d.91001-92001,91001,0.00776252568953,0.00759572234887,0.0080442364159,0.754805607272,0.745574537494,0.763289867369,0.282732783885,0.271789360674,0.290781166036,0.00783076422551,0.0074858182456,0.00827093345791,0.00790139448767,0.00773477402443,0.00812575313823,-0.0116741311669,-0.0616845952466,0.0425296200801,650813
u.65001-66001,-66001,0.00786678605973,0.00768315895408,0.00806793987922,0.750525027583,0.744241650949,0.756074862182,0.294039705597,0.287777011388,0.30108614607,0.00791332965329,0.00765378223314,0.0082073689922,0.00794481294446,0.00778248487787,0.00807011560352,0.0213645926817,-0.0226711212236,0.0627972932065,1111352
d.21001-22001,21001,0.00767873735881,0.00757027760232,0.00778945624533,0.748128604623,0.745163743524,0.752290166719,0.287442111123,0.282053113072,0.291972941123,0.00760562940568,0.00746582780023,0.00774943582768,0.00776941066263,0.00767374650129,0.00785527098597,0.013484973573,-0.0219818442422,0.0426928203266,3159279
d.34001-35001,34001,0.0077260280255,0.00762132396405,0.00787665282555,0.744041319523,0.739509209711,0.74819416608,0.291708448875,0.286215234295,0.297200309328,0.00763629649209,0.00744654620488,0.00787830495348,0.00778196757327,0.00768053566768,0.00789745571156,0.032583480435,0.00585109241302,0.0720665937363,2061119
u.66001-67001,-67001,0.00765971143539,0.00748338060553,0.0079056641839,0.750261759548,0.741439643025,0.75577510352,0.286535428103,0.278623921476,0.293304625427,0.00772988558521,0.00747032818667,0.00799675016583,0.00775935827246,0.00764594729685,0.00801084335177,0.00849229546806,-0.0491921850616,0.0685200049931,1089020
d.90001-91001,90001,0.0078486216952,0.00756006665861,0.00811024775991,0.747962459602,0.740571078704,0.758823953378,0.287368916437,0.277711987994,0.296679241916,0.00780539846782,0.00739431955328,0.00819133619003,0.00797280593941,0.00778399242062,0.00817900598303,-0.00315602451585,-0.0798620851128,0.0570350927371,659733
d.29001-30001,29001,0.00777861657537,0.00762933772871,0.00789855278435,0.74772117152,0.743444843273,0.751312285119,0.291328451175,0.286924540871,0.297721362635,0.00776551550696,0.0075812598492,0.00794875500769,0.00784483240234,0.00772210424337,0.00795758320281,0.0272473943417,0.00340158555448,0.063766478088,2358988
d.20001-21001,20001,0.00767278455953,0.00758237719375,0.00779739413211,0.749250289106,0.745477948916,0.75392026461,0.290220897936,0.285270697866,0.29494023668,0.0076661135803,0.00754730624663,0.00781252563012,0.00780059797205,0.00774371612178,0.00788233326648,-0.00660396891491,-0.035024117192,0.0213326285074,3312068
d.11001-12001,11001,0.00759662118084,0.00751290549182,0.00768303308581,0.748680644407,0.745970313281,0.751535057966,0.289954752557,0.285479414856,0.293129459762,0.00755754212649,0.00743663470694,0.00767779573638,0.00771381929766,0.00764692888865,0.00777699436176,-0.00152558288607,-0.0317910751593,0.0227770099265,5363487
u.96001-97001,-97001,0.0075838534237,0.00736210998232,0.00783818190802,0.753376286962,0.74360720658,0.759832640489,0.29341601521,0.281068585004,0.306024026922,0.00759116111704,0.00719243995353,0.00790097498335,0.00774312537545,0.00755321661176,0.00792578759684,-0.024431582532,-0.102957791055,0.0343197076066,669806
u.59001-60001,-60001,0.00759440638891,0.0074300366388,0.00777612729271,0.751459803193,0.746673718853,0.757305571523,0.289561991311,0.282265852013,0.299109295344,0.00758979703651,0.00738625443324,0.00805100250269,0.00776186925843,0.0076337661905,0.00790890598934,-0.0287177721216,-0.0769709776245,0.0150948381108,1267446
d.32001-33001,32001,0.00769877866416,0.00752580320309,0.00784916998602,0.753268779656,0.748152144417,0.757481598003,0.289839859807,0.28258253568,0.29730357321,0.00775804732753,0.00748542831847,0.00796875230949,0.00782578537237,0.00769293778489,0.00793316079854,-0.00593993754117,-0.0520018594821,0.0287088413718,2155750
u.7001-8001,-8001,0.00763304599252,0.00756537734691,0.00770435215285,0.751059983675,0.746928372862,0.754005140433,0.286598609216,0.283022018386,0.290687740678,0.00759011067726,0.00748960274151,0.00768327495707,0.00775500510219,0.00768118556605,0.00783826407275,-0.00379777298971,-0.0252383638908,0.0186371568253,6637402
d.13001-14001,13001,0.00760328879852,0.00749652002101,0.00771768297374,0.749055183014,0.745495112491,0.753399255311,0.2905165558,0.285566062008,0.296282323391,0.00761957881668,0.00747439381429,0.00778382577442,0.00770511373173,0.00762167191391,0.00778183738171,0.0069029994449,-0.0240041929961,0.0364694652497,4705497
d.9001-10001,9001,0.00753819947141,0.00745461432992,0.00763694538425,0.750040556463,0.746564226602,0.752831132075,0.289306566426,0.285713724543,0.293758075551,0.00753151586883,0.00741961091195,0.00765596880451,0.00766440348712,0.00759640907816,0.00773707593254,-0.00694993975689,-0.0255927297138,0.0158647465963,6140716
u.71001-72001,-72001,0.00796475521991,0.00775014598261,0.00819040911159,0.751519065972,0.74473228585,0.757659859391,0.288091958056,0.28004426198,0.296567510903,0.00795752498942,0.00760576847431,0.00829403299658,0.00803992361243,0.00788963902831,0.00819009289422,0.0233743539957,-0.0301940652152,0.0924761410589,994363
d.50001-51001,50001,0.00787585862619,0.00771861468436,0.00804764969791,0.74424541525,0.739389586169,0.750314557568,0.288696934155,0.280389305417,0.297513231902,0.0078039301879,0.007553352868,0.00805569711166,0.00788492611849,0.00777274606237,0.00801480064303,0.0583121499466,0.00306141795174,0.117402876853,1447784
u.24001-25001,-25001,0.00771859817427,0.00760174657639,0.00785322268514,0.749039745896,0.745188067719,0.753653981344,0.29246955846,0.28792385826,0.297890763176,0.00771129994015,0.00751797001936,0.00786785570539,0.00781588517755,0.00771618849487,0.00790197104848,0.0101749700585,-0.0375188244349,0.0406948619052,2736062
d.69001-70001,69001,0.00784694276544,0.00762186387172,0.0081500469965,0.746548201745,0.7384086255,0.755081050337,0.291488466566,0.284765661541,0.299517532263,0.00786089833571,0.00758391556815,0.00816026746551,0.00794075358833,0.00773717538292,0.00811522763085,0.0128736821888,-0.0369136844214,0.0827483062003,982064
d.24001-25001,24001,0.00764102143497,0.00749506922531,0.00779980988512,0.749666958808,0.746399138685,0.754497806071,0.287992462651,0.282513504155,0.293232573809,0.00761708014015,0.00743379963468,0.00778892875432,0.00776272172937,0.00766332997106,0.00786134606165,-0.00358902979052,-0.0378434290394,0.0296119100139,2829289
d.49001-50001,49001,0.00779026842766,0.00764193235491,0.00795995266977,0.746127140419,0.739480751572,0.751155326092,0.289037918106,0.281780992851,0.298132202311,0.007680258229,0.00743728187317,0.00790694779757,0.0078722392708,0.00776327013441,0.00802262749454,0.0188444573712,-0.0198594003269,0.0690032893791,1479193
u.50001-51001,-51001,0.00781240242523,0.00761849652137,0.00799286573711,0.747726805285,0.7395531107,0.754762598877,0.285492271146,0.277864705314,0.294242458352,0.00765827056738,0.00735330266656,0.00795254066698,0.0079116338061,0.00773332077912,0.00803151701782,0.00976942226038,-0.0452261448623,0.0576595758075,1495985
u.49001-50001,-50001,0.0077836142693,0.00764242321142,0.00797361307741,0.749908209013,0.744998607686,0.755934015719,0.286558237291,0.277512074077,0.293260441852,0.007682993482,0.00745198042123,0.00792381639636,0.00791531107373,0.00781376322303,0.0080401795749,-0.0076824684271,-0.0517386677031,0.041432323961,1511773
d.68001-69001,68001,0.00779304910475,0.00757975589347,0.00803323879872,0.750575167463,0.743972835314,0.757414897203,0.290053953088,0.282090945803,0.299293439001,0.00778645161503,0.0074790005712,0.00807530757194,0.00793699747433,0.00777206030942,0.00813535782992,-0.0140656094074,-0.0572248825352,0.0364084233055,1005167
u.14001-15001,-15001,0.0075955145712,0.00749861141633,0.00769968265974,0.756521104459,0.752288977798,0.759726297077,0.289837843587,0.285692791938,0.29544585311,0.0077485854545,0.0076058251153,0.00790212881605,0.00777536747534,0.00769523434388,0.0078559833736,-0.0353495070723,-0.0609925307252,-0.00628061982357,4169379
d.30001-31001,30001,0.00770231065993,0.00754333146757,0.00785225490357,0.75028934554,0.745385332607,0.755847038839,0.28904168434,0.282627738807,0.294491537185,0.00766599847094,0.00747306748112,0.00784604593403,0.00777199746872,0.00764595605955,0.00786266371522,0.0250073188397,-0.019719210277,0.0705362608574,2277907
u.41001-42001,-42001,0.00776072033584,0.00758588171643,0.00790019686631,0.751561673489,0.745776490529,0.756428786988,0.293990746947,0.286254785329,0.300147873803,0.00786443967109,0.00765299136989,0.00811595921308,0.00787054554481,0.00774345281585,0.00800048849195,0.00375516806837,-0.040307757203,0.0361743827654,1737178
d.27001-28001,27001,0.0076991281035,0.00760500672793,0.00781278623797,0.750486212525,0.745553743778,0.755648771752,0.289200323524,0.283106391926,0.296438392561,0.00771171645796,0.00749091407069,0.00796714780557,0.00781277822409,0.00773255269526,0.00788623512653,0.00122950403972,-0.0335908848539,0.0419440489059,2511929
d.56001-57001,56001,0.00778416743413,0.00767674525608,0.00802698410871,0.742148384416,0.734657394266,0.74710438313,0.291438417263,0.284502742882,0.301026961969,0.00766781566869,0.00737524581271,0.0079532561759,0.00780468720231,0.00769889963775,0.00797575103439,0.052009041946,0.0167708374863,0.108958460625,1284761
d.99001-100001,99001,0.00780141857041,0.00748322442036,0.00805707234299,0.747644020871,0.740660314325,0.757209222752,0.282141768887,0.270242287181,0.293035525598,0.00752054236638,0.0072395794052,0.00780789410459,0.0078959140359,0.00767454509747,0.00808642337555,0.0122176567424,-0.0715659747808,0.0786505631259,571220
d.77001-78001,77001,0.00772709540482,0.0075160272291,0.00795220222268,0.754066402185,0.744816421733,0.761165072041,0.293363291883,0.284609057413,0.301310920842,0.00801456693393,0.00773873036399,0.00830877784154,0.0078755707473,0.00772069458689,0.00804441990758,-0.0171172370125,-0.0677302817997,0.0538217933011,837282
d.12001-13001,12001,0.0076604433742,0.00755929219365,0.00774316933932,0.748821312488,0.746260661475,0.752216913521,0.289812716244,0.284999680525,0.293818013366,0.0076177092186,0.00749669703822,0.0077687659742,0.0077663733306,0.00768866895743,0.00783955113305,0.00509491393327,-0.0253090507193,0.0265434386003,5020020
u.12001-13001,-13001,0.00763283644895,0.00748759181093,0.00771980600181,0.751661448093,0.74765235792,0.756045258232,0.293451941607,0.289832514965,0.297382986305,0.00774448029119,0.00759188632852,0.00785172038102,0.00776774095213,0.00768690164995,0.00783856642792,-0.0107892638378,-0.047019515601,0.0173632041864,4701888
d.26001-27001,26001,0.00767631851978,0.00753857107345,0.00781575669667,0.752550601526,0.748381435885,0.757219286833,0.292862699158,0.28592923294,0.299381544215,0.00781037203523,0.00759213482526,0.00802808446093,0.00778186503373,0.00767409980639,0.00786976491613,0.00542049454901,-0.0288896695828,0.0443078775611,2586948
d.41001-42001,41001,0.00770100388407,0.00757205447452,0.00788275349573,0.747761149151,0.742782231011,0.753711232382,0.287691033297,0.282190210054,0.296907137438,0.00758909450754,0.00741704225568,0.00783199857567,0.00781716391449,0.00771512636108,0.007939107614,-0.000103841154504,-0.0367772689794,0.0357044061006,1711159
d.15001-16001,15001,0.00759328216078,0.00751072259189,0.00769644083256,0.750671359987,0.747198415251,0.753850470456,0.288858800594,0.283880408831,0.293464550349,0.00758289273151,0.00746408072418,0.00771856627866,0.00772843337613,0.00767028381794,0.00780895789789,-0.0113016547934,-0.0374507091254,0.0118945887127,4178336
d.8001-9001,8001,0.00758473389409,0.00750526257764,0.0076795625929,0.74968268928,0.747101284055,0.752221597059,0.290785727832,0.287059495101,0.29364022489,0.00759613019937,0.00749777419779,0.00769435388063,0.00769802036663,0.00763862283881,0.00776094568045,0.000506777258263,-0.014791879128,0.0185316830983,6622645
u.46001-47001,-47001,0.00777435966661,0.00760918852391,0.00789946280343,0.747856459863,0.743036526508,0.752365297128,0.288894106417,0.282055111808,0.29809815128,0.00764979819106,0.00744307257361,0.00782910802359,0.00783631342924,0.00769892035815,0.00795075648494,0.0295253186451,-0.00885619682818,0.0649035654354,1582985
d.44001-45001,44001,0.0077282325026,0.0075541467059,0.0078774643948,0.748681033053,0.742257283813,0.754298812426,0.285249905288,0.279483179598,0.293654257343,0.00758003694171,0.00739560752859,0.00788202834308,0.00782381361667,0.00769270334041,0.00796617104854,0.0111575606584,-0.032507893148,0.0484162501843,1610674
u.35001-36001,-36001,0.00775488709611,0.00761319360376,0.00786743535025,0.748590402341,0.743643705249,0.752851793583,0.29001851131,0.283782544125,0.295733619106,0.00769884299538,0.00747347615978,0.00789843039796,0.00784079586909,0.00774133546836,0.00795213830205,0.0165267645167,-0.0304839709155,0.0509019643105,2010259
u.97001-98001,-98001,0.0075313587705,0.00727851028357,0.00777410281339,0.75962638243,0.752696045799,0.767553066867,0.28763248795,0.274415121052,0.299514819775,0.00761387839951,0.00730678205471,0.00800294340295,0.00774339606095,0.00751831803328,0.00790391845579,-0.0534616023491,-0.114377321068,0.0247972358829,662171
d.17001-18001,17001,0.00770647210913,0.00759258008053,0.00781433644607,0.751191489362,0.748414898863,0.753991315457,0.290408137974,0.285630938736,0.295306292336,0.00773599441411,0.00758049456264,0.0079024701185,0.00782311928194,0.00773715338544,0.00789337389339,-0.000320978985965,-0.0312448250652,0.0193488712823,3769496
u.98001-99001,-99001,0.007472116257,0.00719047760097,0.00766775953049,0.761393745494,0.754085877222,0.769067612567,0.280112476658,0.271031090894,0.289879544955,0.00760678113939,0.00724733297794,0.00794970454858,0.00774970495053,0.00753186282898,0.00790180866923,-0.0894054482178,-0.148923173855,-0.0136750177094,648784
u.85001-86001,-86001,0.00772341097617,0.00753413245487,0.00793146617146,0.752610667634,0.744410268544,0.76106068012,0.287576978043,0.274478991892,0.296070178199,0.00778214515691,0.00743629418571,0.00812704622006,0.00789349229141,0.00774164224589,0.00812762108205,-0.0285972266924,-0.0791375608121,0.0173661327366,786774
d.82001-83001,82001,0.00767767759576,0.00737262878926,0.00785533664567,0.747756510214,0.741219632002,0.755604470711,0.281406699265,0.265416194777,0.292043308788,0.00750447129425,0.00706415013081,0.00780949146587,0.00784435367227,0.00765559370831,0.00798601450186,-0.0273226079217,-0.10642472437,0.0262399308414,758876
d.52001-53001,52001,0.00768655537715,0.00755862914713,0.00786096313674,0.748416582847,0.740984550327,0.755358443139,0.285683352671,0.27777398875,0.291959910823,0.00762339952042,0.0073883722241,0.00784640038776,0.00785049832219,0.00772394890967,0.00798591112641,-0.0257696324057,-0.0794812556458,0.0279265626708,1394545
u.42001-43001,-43001,0.00775712527043,0.00754612366858,0.00789140070692,0.747929336431,0.741812435014,0.754463150245,0.288896247618,0.282047899216,0.296294522024,0.00762065603659,0.00735644877529,0.00783128614571,0.0078240234899,0.00766703938615,0.00792153614798,0.0267797472961,-0.0106783795142,0.0692202590932,1704722
d.1001-2001,1001,0.00754384746916,0.007493567048,0.00760358822863,0.749104652732,0.747261923266,0.750317098036,0.29051682057,0.288645833325,0.292994659678,0.00752737151989,0.00746643736859,0.00760409840255,0.00764976445694,0.00761524724984,0.00769028508867,0.00421624073562,-0.00679406253053,0.0198577859666,17385469
u.83001-84001,-84001,0.0079337211997,0.0077429057751,0.00812607125465,0.751351909185,0.74456825993,0.759041603735,0.290155949569,0.281778418313,0.297642084768,0.00799967723642,0.00773987542999,0.0083066648457,0.00801894877739,0.00780544065186,0.00816989335098,0.0179249127811,-0.0393195808944,0.0591455999543,810109
u.16001-17001,-17001,0.00766852702151,0.00755203917038,0.00775809991327,0.753131645445,0.749385300534,0.757200782998,0.288669774366,0.285255965738,0.293202604997,0.00775875723026,0.00760392544988,0.0078595207174,0.0077952482414,0.00771394158919,0.00784695709412,-0.00605488267537,-0.0367857387953,0.0197065877531,3787855
u.87001-88001,-88001,0.00746589898869,0.00721302116294,0.00774110011831,0.754419410745,0.747118624148,0.763810943702,0.283322147248,0.271864847184,0.291469634102,0.00743693668421,0.00715768343143,0.00782599041491,0.00763314874558,0.00744529087333,0.00780674971829,-0.0301477179032,-0.102513113284,0.0296780313429,763606
d.98001-99001,98001,0.00780017943799,0.00746676982009,0.00804208238397,0.754573965566,0.744511476954,0.765898414931,0.280365114342,0.268565772538,0.294163458976,0.00764123674126,0.00723989435533,0.00817155255093,0.00793308589227,0.00770343200678,0.00814537187734,-0.00817265134237,-0.095750860889,0.0567845577376,580878
u.11001-12001,-12001,0.00763337602501,0.00754461479044,0.00772309840921,0.752021955298,0.74888833015,0.756040966048,0.287886742186,0.284298097508,0.291486086458,0.00767187357099,0.00758079206555,0.00779049164037,0.00774938601025,0.00767608044866,0.00782145189131,-0.000575137571855,-0.0320384759718,0.0204127505766,5007838
d.25001-26001,25001,0.00763595087724,0.00751242789756,0.00780912013978,0.74968998806,0.746052457584,0.754817614336,0.291925146288,0.287309901009,0.297033631098,0.007645772161,0.00744917076405,0.00785460991901,0.00776546710869,0.00765756967717,0.00788187254714,-0.00785415352587,-0.0400959370287,0.0186150959216,2706260
u.22001-23001,-23001,0.00754555672123,0.00744415180049,0.00763397489168,0.753919223606,0.750603304205,0.75868402419,0.287392711113,0.281644717622,0.292302315838,0.00762472933648,0.00748518354237,0.00775283349822,0.00770982473501,0.00762867567488,0.0077805144986,-0.0275736735257,-0.0559819937985,-0.00146988426387,2962481
d.36001-37001,36001,0.00779187718234,0.00768711042004,0.00792648945027,0.750080876406,0.744804076043,0.754146144762,0.289995261752,0.282934099137,0.297349335178,0.00776626437469,0.00758917705456,0.00796702538891,0.00787691754287,0.00778571051058,0.00798298474908,0.017210608796,-0.0141774925547,0.0563276617192,1958724
u.57001-58001,-58001,0.00763728889631,0.00748525344286,0.0077856380529,0.745733657553,0.738687284296,0.751356277643,0.291577310758,0.283891709074,0.297943179812,0.00758932133919,0.00734310521155,0.00782445802354,0.00775800408428,0.0076260572287,0.00791081209552,-0.00308848475501,-0.0372189327027,0.0449090617141,1320410
d.81001-82001,81001,0.00772236141258,0.00748217712878,0.00794268160929,0.747107142857,0.739479813665,0.756528656007,0.279145649348,0.267069931571,0.291608600178,0.00744678653866,0.00708813465369,0.00785680157524,0.00784552754847,0.00768912497517,0.00806362053985,-0.00367980279577,-0.0628504023282,0.059349021699,764488
d.89001-90001,89001,0.00785152092355,0.00760306565472,0.00806511469978,0.754179533368,0.748225833543,0.763485429448,0.274368064736,0.259274387314,0.28416903652,0.00776156639148,0.00730407148844,0.00818183256014,0.00803657431165,0.00786373194446,0.00820843012458,-0.0348999070339,-0.11492115232,0.0214808006799,669344
u.47001-48001,-48001,0.00777583558433,0.00760737226946,0.00798143258308,0.74956492259,0.744281490474,0.755476962648,0.285191367867,0.277777659458,0.29178764518,0.00765733837884,0.00740707241418,0.00790205151727,0.00788349305344,0.00774295869218,0.00801638890435,0.00502444317158,-0.0422563508429,0.0511472766345,1556599
u.2001-3001,-3001,0.0075507591242,0.00749606094782,0.00761049814931,0.749863219552,0.747951398644,0.751562953715,0.288554949423,0.285175769944,0.291844161744,0.007495170292,0.00739714925278,0.00758280763778,0.00767514383608,0.00762848245228,0.00772951086791,-0.00584173951781,-0.0217708359951,0.00875019412206,11277161
u.34001-35001,-35001,0.00779452722152,0.00768673250294,0.0079306704019,0.746458340735,0.741398039952,0.751132793359,0.290924792218,0.285265467469,0.297331922259,0.0076796764232,0.00749107207513,0.00792974356641,0.00784087727276,0.00773464824793,0.00796259573333,0.0380248906538,0.00422756959729,0.0737886465626,2060339
d.18001-19001,18001,0.00762921448635,0.00750228135474,0.00770661716782,0.75027037796,0.747409589429,0.754000570404,0.289156805832,0.283915110989,0.294107335741,0.00758390080616,0.00742974751174,0.00773078177761,0.00775846376837,0.00766730730301,0.00781883280507,-0.00777175078287,-0.039371111137,0.0171243410016,3615267
d.73001-74001,73001,0.00771267630934,0.00757167723929,0.00796805547231,0.762830068143,0.754673274084,0.769615876241,0.291324019524,0.281071040441,0.302542646347,0.0080745432061,0.00776820375649,0.00842430661488,0.00791224910875,0.0077685674367,0.00808447446186,-0.0442613474645,-0.0900332275551,0.00982781206542,903589
d.72001-73001,72001,0.00788117876732,0.00764571158513,0.00811967043028,0.754471193883,0.74536376494,0.761204437628,0.287239002973,0.2755551347,0.297943721342,0.00796191093988,0.00762893135244,0.00831936096276,0.00801748063728,0.00786434350275,0.00819708504024,-0.00922613020002,-0.0761704515303,0.0376802471866,922348
